"","date","price","open","high","low","vol","change_percent"
"1",2023-07-06,296.63,295.95,298.08,292.73,"21.70M",0.77
"2",2023-07-05,294.37,287.65,298.12,286.36,"33.54M",2.92
"3",2023-07-03,286.02,286.65,289.31,284.85,"8.63M",-0.33
"4",2023-06-30,286.98,284.76,289.05,284.42,"19.69M",1.94
"5",2023-06-29,281.53,284.5,286.57,280.69,"15.40M",-1.32
"6",2023-06-28,285.29,284.82,289.55,284.06,"16.58M",-0.61
"7",2023-06-27,287.05,282.01,289.35,280.65,"25.81M",3.08
"8",2023-06-26,278.47,288.7,289.79,277.6,"23.95M",-3.55
"9",2023-06-23,288.73,281.51,289.67,278.95,"51.09M",1.35
"10",2023-06-22,284.88,279.08,285.26,277.79,"17.27M",1.15
"11",2023-06-21,281.64,283.53,284,278.36,"19.92M",-0.95
"12",2023-06-20,284.33,278.73,284.8,276.22,"20.53M",1.19
"13",2023-06-16,281,284.75,287.85,280.13,"43.13M",-0.29
"14",2023-06-15,281.83,272.3,283.99,271.42,"25.85M",3.1
"15",2023-06-14,273.35,271.89,274.99,268.32,"19.18M",0.75
"16",2023-06-13,271.32,274.88,275.72,269.09,"16.09M",0.1
"17",2023-06-12,271.05,267.17,271.75,265.33,"15.38M",2.3
"18",2023-06-09,264.95,262.48,267.95,261.7,"16.95M",0.14
"19",2023-06-08,264.58,260.62,267.65,258.88,"20.90M",0.37
"20",2023-06-07,263.6,271.67,274.25,262.8,"26.16M",-2.77
"21",2023-06-06,271.12,270.14,276.57,269.69,"19.26M",-0.1
"22",2023-06-05,271.39,270.3,275.57,269.56,"20.57M",-0.45
"23",2023-06-02,272.61,272.66,275.35,271.12,"19.35M",0
"24",2023-06-01,272.61,265.9,274,265.89,"25.28M",2.98
"25",2023-05-31,264.72,260,265,258.45,"25.37M",0.84
"26",2023-05-30,262.52,265.25,268.65,261.29,"23.69M",0.18
"27",2023-05-26,262.04,252.93,262.31,252.71,"25.77M",3.7
"28",2023-05-25,252.69,253.4,255.62,249.17,"21.99M",1.4
"29",2023-05-24,249.21,245.28,249.59,244.95,"17.32M",1
"30",2023-05-23,246.74,246.81,251.61,246.65,"17.67M",-0.64
"31",2023-05-22,248.32,245.41,253.57,245.12,"27.49M",1.09
"32",2023-05-19,245.64,247.47,248.69,243.41,"21.73M",-0.49
"33",2023-05-18,246.85,241.3,247.09,241.19,"22.81M",1.8
"34",2023-05-17,242.49,238.45,243.84,238.14,"21.14M",1.53
"35",2023-05-16,238.82,235.79,239.63,235.52,"18.11M",-0.02
"36",2023-05-15,238.86,236.92,240.26,235.33,"20.65M",2.16
"37",2023-05-12,233.81,236.74,236.96,231.45,"16.14M",-0.84
"38",2023-05-11,235.79,233.05,238.21,232.3,"20.38M",1.16
"39",2023-05-10,233.08,236.17,236.75,230.72,"18.70M",-0.12
"40",2023-05-09,233.37,231.46,235.88,231.08,"16.83M",0.04
"41",2023-05-08,233.27,231.41,235.62,230.27,"14.95M",0.21
"42",2023-05-05,232.78,232.24,234.68,229.85,"26.91M",-0.32
"43",2023-05-04,233.52,236.06,238.2,232.93,"17.79M",-1.48
"44",2023-05-03,237.03,239.47,241.75,232.75,"33.95M",-0.92
"45",2023-05-02,239.24,243.18,244.92,238.99,"23.17M",-1.62
"46",2023-05-01,243.18,238.62,244,236.46,"29.14M",1.19
"47",2023-04-28,240.32,239.01,240.43,235.75,"39.18M",0.74
"48",2023-04-27,238.56,239.89,241.68,236.77,"70.79M",13.93
"49",2023-04-26,209.4,212.5,214.11,208.88,"35.22M",0.89
"50",2023-04-25,207.55,210.82,211.26,207.13,"18.61M",-2.46
"51",2023-04-24,212.79,213.68,213.92,210.71,"15.75M",-0.05
"52",2023-04-21,212.89,210.21,213.41,209.58,"17.67M",-0.08
"53",2023-04-20,213.07,213.48,216.75,212.77,"16.43M",-1.22
"54",2023-04-19,215.7,213.47,217.33,212.93,"15.90M",-1.01
"55",2023-04-18,217.89,219.91,220.44,216.21,"12.21M",-0.44
"56",2023-04-17,218.86,219.79,220.98,217.13,"15.41M",-1.19
"57",2023-04-14,221.49,217.88,222.11,217.55,"21.59M",0.52
"58",2023-04-13,220.35,215.73,221.15,215.69,"23.23M",2.97
"59",2023-04-12,214,214.84,216.84,212.58,"18.97M",0.07
"60",2023-04-11,213.85,215.48,216.02,213.41,"16.35M",-0.42
"61",2023-04-10,214.75,214.71,215.66,210.66,"15.84M",-0.62
"62",2023-04-06,216.1,209.25,216.94,208.65,"26.10M",2.18
"63",2023-04-05,211.48,214.15,215.19,209.94,"19.33M",-1.51
"64",2023-04-04,214.72,213.39,216.24,212.54,"20.98M",0.77
"65",2023-04-03,213.07,208.84,213.49,208.2,"17.89M",0.53
"66",2023-03-31,211.94,207.24,212.17,206.77,"25.39M",1.97
"67",2023-03-30,207.84,203.38,208.09,202.82,"22.55M",1.21
"68",2023-03-29,205.35,203.56,205.72,202.54,"18.85M",2.33
"69",2023-03-28,200.68,200.15,201.03,197.9,"19.09M",-1.06
"70",2023-03-27,202.84,204.81,205.86,201.36,"18.45M",-1.54
"71",2023-03-24,206.01,205.18,207.58,203.55,"27.73M",0.85
"72",2023-03-23,204.28,202.84,207.88,202.15,"27.17M",2.24
"73",2023-03-22,199.81,202.5,207.37,199.67,"28.04M",-1.16
"74",2023-03-21,202.16,203.2,203.55,197.95,"31.48M",2.2
"75",2023-03-20,197.81,198.48,199.36,193.64,"25.14M",1.12
"76",2023-03-17,195.61,200.56,201.9,195.43,"50.14M",-4.55
"77",2023-03-16,204.93,198.26,205.76,196.09,"50.82M",3.63
"78",2023-03-15,197.75,192.95,197.78,190.84,"42.12M",1.92
"79",2023-03-14,194.02,187.58,194.32,186.56,"41.02M",7.25
"80",2023-03-13,180.9,177.96,183.78,174.82,"24.68M",0.77
"81",2023-03-10,179.51,181.01,184.77,178.8,"25.67M",-1.2
"82",2023-03-09,181.69,186.35,188.93,180.3,"26.51M",-1.77
"83",2023-03-08,184.97,182.87,185.26,181.34,"19.43M",0.25
"84",2023-03-07,184.51,189,190.36,184.01,"36.70M",-0.21
"85",2023-03-06,184.9,188,189.66,184.64,"33.21M",-0.19
"86",2023-03-03,185.25,178.92,186.62,177.05,"43.85M",6.14
"87",2023-03-02,174.53,172.38,175.01,171.43,"17.33M",0.64
"88",2023-03-01,173.42,174.59,177.85,173.05,"29.18M",-0.87
"89",2023-02-28,174.94,171.9,177.55,171.87,"46.05M",3.19
"90",2023-02-27,169.54,171.88,173.12,169.06,"19.28M",-0.5
"91",2023-02-24,170.39,168.64,170.72,167.66,"19.79M",-0.96
"92",2023-02-23,172.04,172,173.69,169.38,"20.02M",0.54
"93",2023-02-22,171.12,171.07,172.76,169.69,"20.57M",-0.56
"94",2023-02-21,172.08,174.31,178.17,171.88,"32.72M",-0.46
"95",2023-02-17,172.88,170.22,173.18,169.7,"24.17M",0.26
"96",2023-02-16,172.44,172.75,175.85,171.79,"25.71M",-2.66
"97",2023-02-15,177.16,176.41,178.19,175.33,"24.92M",-1.29
"98",2023-02-14,179.48,177.16,181.51,175.88,"23.97M",0.03
"99",2023-02-13,179.43,178.21,181,175.82,"31.41M",3.03
"100",2023-02-10,174.15,176.35,178.89,173.35,"33.43M",-2.12
"101",2023-02-09,177.92,186.13,186.65,177.27,"36.92M",-3
"102",2023-02-08,183.43,190,190.83,182.92,"35.96M",-4.27
"103",2023-02-07,191.62,185.57,193.78,184.4,"45.70M",2.99
"104",2023-02-06,186.06,186.53,190.7,185.52,"42.48M",-0.25
"105",2023-02-03,186.53,183.46,196.77,182.89,"76.81M",-1.19
"106",2023-02-02,188.77,183.38,197.16,180.16,"150.48M",23.28
"107",2023-02-01,153.12,148.03,153.58,147.06,"47.55M",2.79
"108",2023-01-31,148.97,147.95,149.88,147.52,"29.27M",1.3
"109",2023-01-30,147.06,149.4,151.12,146.95,"28.04M",-3.08
"110",2023-01-27,151.74,148.24,153.19,147.39,"35.77M",3.01
"111",2023-01-26,147.3,144.4,147.51,143.3,"25.37M",4.1
"112",2023-01-25,141.5,141.22,143.17,140.31,"26.62M",-1.15
"113",2023-01-24,143.14,141.69,145,141.36,"21.74M",-0.09
"114",2023-01-23,143.27,139.29,143.76,138.66,"26.90M",2.8
"115",2023-01-20,139.37,135.89,139.94,134.61,"28.69M",2.37
"116",2023-01-19,136.15,132.49,137.45,132.14,"28.46M",2.35
"117",2023-01-18,133.02,135.81,137.25,132.8,"20.15M",-1.73
"118",2023-01-17,135.36,136.18,136.75,134.25,"21.09M",-1.18
"119",2023-01-13,136.98,134.97,137.39,134.84,"22.42M",0.2
"120",2023-01-12,136.71,133.44,137.68,131.76,"30.70M",2.87
"121",2023-01-11,132.89,130.96,133.85,130.34,"25.37M",-0.08
"122",2023-01-10,132.99,127.27,133.44,127.15,"28.07M",2.72
"123",2023-01-09,129.47,131.16,132.95,129.28,"26.47M",-0.42
"124",2023-01-06,130.02,128.97,130.33,126.04,"27.58M",2.43
"125",2023-01-05,126.94,126.13,128.52,124.54,"25.45M",-0.34
"126",2023-01-04,127.37,127.38,129.05,125.85,"32.23M",2.11
"127",2023-01-03,124.74,122.82,126.37,122.28,"35.38M",3.66
"128",2022-12-30,120.34,118.16,120.42,117.74,"19.58M",0.07
"129",2022-12-29,120.26,116.4,121.03,115.77,"22.30M",4.01
"130",2022-12-28,115.62,116.25,118.15,115.51,"19.55M",-1.08
"131",2022-12-27,116.88,117.93,118.6,116.05,"20.86M",-0.98
"132",2022-12-23,118.04,116.03,118.18,115.54,"17.76M",0.79
"133",2022-12-22,117.12,117.2,118.62,114.38,"23.00M",-2.2
"134",2022-12-21,119.76,116.7,120.34,115.62,"20.36M",2.28
"135",2022-12-20,117.09,113.26,117.33,112.46,"28.66M",2.28
"136",2022-12-19,114.48,116.83,117.8,114.33,"29.46M",-4.14
"137",2022-12-16,119.43,120.23,123.31,118.82,"67.06M",2.82
"138",2022-12-15,116.15,118.33,118.63,114.01,"34.47M",-4.47
"139",2022-12-14,121.59,119.39,124.14,119.39,"36.66M",1.2
"140",2022-12-13,120.15,122.13,123.3,118.64,"44.27M",4.74
"141",2022-12-12,114.71,115.18,115.72,113.14,"23.38M",-1.03
"142",2022-12-09,115.9,115.3,117.54,113.87,"26.03M",0.49
"143",2022-12-08,115.33,116.39,117.34,114.59,"29.51M",1.23
"144",2022-12-07,113.93,113.76,115.88,112.88,"28.58M",-0.17
"145",2022-12-06,114.12,119.91,120.55,113.74,"43.69M",-6.79
"146",2022-12-05,122.43,121.75,124.67,121.35,"35.40M",-0.86
"147",2022-12-02,123.49,117.83,124.04,117.61,"39.95M",2.53
"148",2022-12-01,120.44,119.2,121.2,118.4,"36.49M",1.98
"149",2022-11-30,118.1,109.5,118.16,109.38,"43.15M",7.89
"150",2022-11-29,109.46,109.54,110.94,108.54,"23.90M",0.63
"151",2022-11-28,108.78,110.78,112.04,108.38,"23.30M",-2.36
"152",2022-11-25,111.41,111.3,112.73,111.02,"12.01M",-0.74
"153",2022-11-23,112.24,111.72,112.67,110.73,"21.34M",0.72
"154",2022-11-22,111.44,109.86,111.62,108.32,"29.03M",1.44
"155",2022-11-21,109.86,111.52,112.37,109.19,"24.35M",-1.95
"156",2022-11-18,112.05,113.8,114.32,110.62,"33.36M",0.54
"157",2022-11-17,111.45,110.41,112.33,109.8,"35.09M",-1.57
"158",2022-11-16,113.23,114.5,116.07,112.66,"32.44M",-3.29
"159",2022-11-15,117.08,116.07,118.74,114.41,"50.55M",2.5
"160",2022-11-14,114.22,110.99,116.27,110.8,"53.15M",1.06
"161",2022-11-11,113.02,109.23,114.9,108.81,"59.04M",1.03
"162",2022-11-10,111.87,107.12,112.75,104.61,"80.67M",10.25
"163",2022-11-09,101.47,101.72,104.9,100.74,"107.68M",5.18
"164",2022-11-08,96.47,95.92,97.8,94.79,"51.44M",-0.26
"165",2022-11-07,96.72,94.78,96.88,93.1,"81.99M",6.53
"166",2022-11-04,90.79,90.35,91.39,88.09,"55.64M",2.11
"167",2022-11-03,88.91,90.08,90.46,88.41,"59.77M",-1.8
"168",2022-11-02,90.54,94.21,95.2,90.48,"71.18M",-4.89
"169",2022-11-01,95.2,94.33,97.49,93.55,"109.62M",2.19
"170",2022-10-31,93.16,98.22,99.32,92.6,"120.76M",-6.09
"171",2022-10-28,99.2,99.58,100.85,97.51,"94.78M",1.29
"172",2022-10-27,97.94,97.97,102.5,96.38,"230.41M",-24.56
"173",2022-10-26,129.82,131.68,135.55,128.53,"89.29M",-5.59
"174",2022-10-25,137.51,130.88,138.35,130.59,"37.73M",6.01
"175",2022-10-24,129.72,127.25,133.48,124.57,"63.43M",-0.22
"176",2022-10-21,130.01,126.31,130.12,125.44,"46.15M",-1.16
"177",2022-10-20,131.53,132.93,136.77,131.31,"26.36M",-1.28
"178",2022-10-19,133.23,132.89,137,132.22,"30.69M",0.32
"179",2022-10-18,132.8,137.09,137.84,131.4,"25.28M",-0.93
"180",2022-10-17,134.04,130.3,134.79,130.18,"29.46M",5.74
"181",2022-10-14,126.76,131,131.79,126.52,"23.56M",-2.71
"182",2022-10-13,130.29,123.53,131.14,122.53,"34.33M",2.19
"183",2022-10-12,127.5,128.32,129.67,126.25,"34.61M",-0.81
"184",2022-10-11,128.54,131.62,132.66,126.99,"37.65M",-3.92
"185",2022-10-10,133.79,133.55,136.11,131.87,"23.84M",0.25
"186",2022-10-07,133.45,136.76,138.29,132.44,"33.21M",-4.04
"187",2022-10-06,139.07,137.71,141.45,136.6,"36.23M",0.06
"188",2022-10-05,138.98,138.24,140.21,134.78,"27.90M",-0.93
"189",2022-10-04,140.28,140.49,142.39,139.34,"34.54M",1.2
"190",2022-10-03,138.61,137.14,139.62,136.1,"27.72M",2.16
"191",2022-09-30,135.68,136.05,140.99,135.5,"33.17M",-0.54
"192",2022-09-29,136.41,139.36,139.84,135.2,"38.99M",-3.67
"193",2022-09-28,141.61,134.62,142.03,134.27,"32.66M",5.36
"194",2022-09-27,134.4,137.92,139.42,134.12,"30.55M",-1.44
"195",2022-09-26,136.37,140.12,142.24,136.19,"30.50M",-2.88
"196",2022-09-23,140.41,141.42,142.62,138.89,"31.71M",-1.69
"197",2022-09-22,142.82,141.55,144.58,140.87,"34.42M",0.49
"198",2022-09-21,142.12,146.39,149.6,142,"38.01M",-2.72
"199",2022-09-20,146.09,145.77,148.84,145.22,"23.13M",-1.3
"200",2022-09-19,148.02,145.24,148.58,145.1,"22.17M",1.18
"201",2022-09-16,146.29,148.05,148.58,144.29,"39.98M",-2.18
"202",2022-09-15,149.55,149.8,154.2,148.7,"34.39M",-1.27
"203",2022-09-14,151.47,153.33,153.54,149.05,"42.82M",-1.08
"204",2022-09-13,153.13,161.54,161.63,152.67,"44.23M",-9.37
"205",2022-09-12,168.96,167.39,171.39,167.28,"23.22M",-0.11
"206",2022-09-09,169.15,163.25,169.54,163.02,"22.07M",4.37
"207",2022-09-08,162.06,158.71,162.23,157.74,"22.26M",1.04
"208",2022-09-07,160.39,157.76,160.96,156.81,"16.78M",1.17
"209",2022-09-06,158.54,160.1,161.69,157.69,"19.28M",-1.11
"210",2022-09-02,160.32,167.45,167.93,159.22,"22.63M",-3.05
"211",2022-09-01,165.36,163.58,167.36,160.35,"30.15M",1.49
"212",2022-08-31,162.93,167.07,167.84,162.14,"40.75M",3.67
"213",2022-08-30,157.16,160.35,161.66,155.91,"19.42M",-1.26
"214",2022-08-29,159.17,160.65,163.05,159.01,"20.05M",-1.61
"215",2022-08-26,161.78,168.48,170.92,161.67,"24.02M",-4.15
"216",2022-08-25,168.78,165.18,168.88,164.02,"15.46M",3.38
"217",2022-08-24,163.26,160.6,165.46,159.77,"20.80M",1.33
"218",2022-08-23,161.11,162.48,165.05,160.7,"18.11M",-1.19
"219",2022-08-22,163.05,165.49,165.49,162.26,"19.50M",-2.92
"220",2022-08-19,167.96,170.2,172.32,167.05,"26.24M",-3.84
"221",2022-08-18,174.66,174.34,175.76,171.86,"18.76M",-0.11
"222",2022-08-17,174.85,176.76,178.14,174.17,"20.12M",-2.57
"223",2022-08-16,179.47,179.44,180.99,177.04,"21.16M",-0.79
"224",2022-08-15,180.89,178.96,181.44,178.2,"15.88M",0.22
"225",2022-08-12,180.5,180.81,181.46,178.91,"21.16M",1.7
"226",2022-08-11,177.49,179.71,183.1,176.37,"23.99M",-0.48
"227",2022-08-10,178.34,175.99,180.48,173.95,"30.08M",5.82
"228",2022-08-09,168.53,168.95,169.53,166.6,"18.66M",-1.01
"229",2022-08-08,170.25,168,177.51,167.13,"27.22M",1.88
"230",2022-08-05,167.11,166.99,171.61,165.8,"25.77M",-2.03
"231",2022-08-04,170.57,168.29,172.15,166.8,"23.79M",1.05
"232",2022-08-03,168.8,162.69,169.54,161.57,"31.72M",5.37
"233",2022-08-02,160.19,158.31,162.24,158.01,"27.37M",0.16
"234",2022-08-01,159.93,157.25,165.19,155.23,"40.60M",0.52
"235",2022-07-29,159.1,157.69,160.14,155.17,"41.91M",-1.01
"236",2022-07-28,160.72,161.06,161.51,154.85,"72.59M",-5.22
"237",2022-07-27,169.58,162.59,170.87,162.02,"39.18M",6.55
"238",2022-07-26,159.15,165.94,166,157.95,"26.57M",-4.5
"239",2022-07-25,166.65,169,170.57,164.8,"26.17M",-1.55
"240",2022-07-22,169.27,173.07,175.6,168.41,"41.93M",-7.59
"241",2022-07-21,183.17,180.63,183.85,178.87,"26.09M",0.04
"242",2022-07-20,183.09,177.49,183.6,176.7,"24.52M",4.16
"243",2022-07-19,175.78,170.37,176.49,169.51,"25.76M",5.11
"244",2022-07-18,167.23,166.75,171.68,165.64,"23.57M",1.54
"245",2022-07-15,164.7,160.54,164.98,159.82,"22.49M",4.21
"246",2022-07-14,158.05,161.22,162.59,157.28,"23.52M",-3.33
"247",2022-07-13,163.49,160.16,164.98,159.61,"16.51M",0.13
"248",2022-07-12,163.27,164.8,165.91,162.1,"16.58M",0.24
"249",2022-07-11,162.88,167.07,167.49,161.91,"21.91M",-4.68
"250",2022-07-08,170.88,169.98,172.4,168.15,"19.16M",-0.76
"251",2022-07-07,172.19,169.45,172.72,167.78,"23.89M",1.43
"252",2022-07-06,169.77,168.2,171.59,165.46,"23.04M",0.94
"253",2022-07-05,168.19,158.14,168.25,157.02,"28.55M",5.1
"254",2022-07-01,160.03,160.31,160.62,155,"31.42M",-0.76
"255",2022-06-30,161.25,162.15,165.23,158.49,"34.98M",-1.64
"256",2022-06-29,163.94,163.57,166.33,160.32,"28.53M",2.03
"257",2022-06-28,160.68,169.9,171.3,160.61,"27.67M",-5.2
"258",2022-06-27,169.49,171.32,171.75,168.01,"29.17M",-0.39
"259",2022-06-24,170.16,161.73,170.25,161.3,"61.35M",7.19
"260",2022-06-23,158.75,156.27,159.75,154.25,"40.34M",1.86
"261",2022-06-22,155.85,158.38,160.79,155.44,"47.06M",-0.76
"262",2022-06-21,157.05,165.93,167.76,155.97,"50.48M",-4.09
"263",2022-06-17,163.74,161.68,165.9,159.9,"31.37M",1.78
"264",2022-06-16,160.87,163.72,165.08,159.61,"26.63M",-5.01
"265",2022-06-15,169.35,167.2,172.16,163.98,"29.81M",3.43
"266",2022-06-14,163.73,166.03,166.75,161.36,"26.77M",-0.32
"267",2022-06-13,164.26,170.59,172.57,164.03,"31.56M",-6.44
"268",2022-06-10,175.57,183.04,183.1,175.02,"25.51M",-4.58
"269",2022-06-09,184,194.28,199.45,183.68,"23.30M",-6.43
"270",2022-06-08,196.64,194.67,202.03,194.41,"22.27M",0.51
"271",2022-06-07,195.65,191.93,196.53,191.49,"18.76M",0.72
"272",2022-06-06,194.25,193.99,196.92,188.4,"30.57M",1.82
"273",2022-06-03,190.78,195.98,196.61,189.78,"19.46M",-4.06
"274",2022-06-02,198.86,188.45,200.93,187.73,"31.49M",5.42
"275",2022-06-01,188.64,196.51,199.53,185,"36.27M",-2.58
"276",2022-05-31,193.64,194.88,197.6,192.01,"25.92M",-0.76
"277",2022-05-27,195.13,191.36,195.33,189.8,"22.56M",1.83
"278",2022-05-26,191.63,182.88,192.83,182.26,"23.06M",4.24
"279",2022-05-25,183.83,180.4,185.45,179.32,"27.56M",1.41
"280",2022-05-24,181.28,180.55,183.68,176.11,"50.24M",-7.62
"281",2022-05-23,196.23,195.19,196.99,191.24,"22.76M",1.39
"282",2022-05-20,193.54,194.97,197.91,187.87,"31.47M",1.18
"283",2022-05-19,191.29,191.2,195.29,189.6,"24.45M",-0.49
"284",2022-05-18,192.24,200,201,191.63,"23.81M",-5.12
"285",2022-05-17,202.62,202.12,205.46,198.36,"24.87M",1.29
"286",2022-05-16,200.04,197.05,205.37,195.93,"27.11M",0.71
"287",2022-05-13,198.62,192.58,199.89,191.28,"24.55M",3.86
"288",2022-05-12,191.24,187.06,198.05,184.78,"38.26M",1.32
"289",2022-05-11,188.74,196.32,200.67,188.27,"31.15M",-4.51
"290",2022-05-10,197.65,199.51,202.96,194.19,"34.45M",0.73
"291",2022-05-09,196.21,199.84,202.57,195.58,"36.30M",-3.71
"292",2022-05-06,203.77,207.34,209.38,201.02,"34.75M",-2.17
"293",2022-05-05,208.28,218.74,220.17,206.16,"41.13M",-6.77
"294",2022-05-04,223.41,210.65,224.3,206.96,"41.38M",5.37
"295",2022-05-03,212.03,210.45,214.9,208.09,"41.56M",0.43
"296",2022-05-02,211.13,201.16,211.88,200.99,"49.92M",5.32
"297",2022-04-29,200.47,204.46,212.48,199.9,"49.19M",-2.56
"298",2022-04-28,205.73,202.92,208.53,192.9,"100.89M",17.59
"299",2022-04-27,174.95,174.43,181.21,169,"71.06M",-3.32
"300",2022-04-26,180.95,186.63,187.19,179.5,"31.75M",-3.23
"301",2022-04-25,186.99,182.73,187.18,181.66,"29.28M",1.56
"302",2022-04-22,184.11,190.37,192.72,183.27,"36.43M",-2.11
"303",2022-04-21,188.07,201.6,202.97,185.58,"49.95M",-6.16
"304",2022-04-20,200.42,213.6,214.16,198.92,"43.04M",-7.77
"305",2022-04-19,217.31,210.52,218.43,209,"20.09M",3.1
"306",2022-04-18,210.77,210,213.38,208.3,"16.58M",0.28
"307",2022-04-14,210.18,214.89,214.99,210,"18.38M",-2.24
"308",2022-04-13,214.99,211.82,216.61,211.33,"19.23M",0.4
"309",2022-04-12,214.14,220.24,222.03,213.13,"20.13M",-1.07
"310",2022-04-11,216.46,218.42,220.61,215.22,"20.52M",-2.64
"311",2022-04-08,222.33,222.38,225.13,220.03,"18.38M",-0.28
"312",2022-04-07,222.95,223.93,225.52,218.56,"21.04M",-0.16
"313",2022-04-06,223.3,226.91,228.99,221.41,"29.00M",-3.68
"314",2022-04-05,231.84,234.08,236.86,231.02,"29.73M",-0.88
"315",2022-04-04,233.89,225.98,234.35,225.86,"28.10M",4.02
"316",2022-04-01,224.85,224.55,227.28,222.7,"19.54M",1.12
"317",2022-03-31,222.36,228.45,228.49,222.26,"24.19M",-2.41
"318",2022-03-30,227.85,228.91,231.15,226.71,"25.59M",-0.87
"319",2022-03-29,229.86,226.07,230.89,225.29,"31.42M",2.8
"320",2022-03-28,223.59,222.13,224.04,219.54,"26.22M",0.8
"321",2022-03-25,221.82,220.51,225.5,218.89,"40.04M",1.02
"322",2022-03-24,219.57,215,220.67,214.79,"31.50M",2.86
"323",2022-03-23,213.46,213.33,216.8,212.16,"23.72M",-1.47
"324",2022-03-22,216.65,211.37,219.46,210.18,"32.00M",2.44
"325",2022-03-21,211.49,214.5,214.71,207.63,"30.14M",-2.31
"326",2022-03-18,216.49,206.7,216.8,206,"52.13M",4.16
"327",2022-03-17,207.84,201.7,208.04,201.11,"29.50M",2.07
"328",2022-03-16,203.63,194.7,203.73,194.52,"40.64M",6.04
"329",2022-03-15,192.03,190.8,192.28,185.91,"31.72M",2.89
"330",2022-03-14,186.63,187.03,192.29,185.82,"31.01M",-0.52
"331",2022-03-11,187.61,192.63,193.56,186.67,"34.69M",-3.89
"332",2022-03-10,195.21,194.84,196.28,191.07,"24.85M",-1.66
"333",2022-03-09,198.5,195.74,199.1,193.92,"31.89M",4.31
"334",2022-03-08,190.29,187.85,196.7,186.11,"37.51M",1.5
"335",2022-03-07,187.47,200.79,200.89,187.28,"38.56M",-6.29
"336",2022-03-04,200.06,202.37,205.89,198.79,"32.15M",-1.43
"337",2022-03-03,202.97,209.01,209.08,201.42,"27.26M",-2.47
"338",2022-03-02,208.11,204.78,209.15,202.02,"29.45M",2.27
"339",2022-03-01,203.49,209.87,211.75,202.22,"27.09M",-3.57
"340",2022-02-28,211.03,207.68,213.15,206.83,"34.24M",0.26
"341",2022-02-25,210.48,204.94,211.32,203.18,"37.63M",1.39
"342",2022-02-24,207.6,191.06,208.35,190.22,"49.96M",4.61
"343",2022-02-23,198.45,204.16,206.94,198.05,"44.48M",-1.8
"344",2022-02-22,202.08,202.34,207.48,200.06,"39.85M",-1.98
"345",2022-02-18,206.16,209.39,210.75,205.18,"37.13M",-0.75
"346",2022-02-17,207.71,214.02,217.5,207.16,"38.75M",-4.08
"347",2022-02-16,216.54,212.41,217.46,212.36,"45.82M",-2.02
"348",2022-02-15,221,220.47,221.15,215.06,"42.69M",1.52
"349",2022-02-14,217.7,219.31,221,214.78,"38.18M",-0.84
"350",2022-02-11,219.55,228.46,230.42,218.77,"46.16M",-3.74
"351",2022-02-10,228.07,228.27,235,226.7,"49.31M",-1.69
"352",2022-02-09,232,224.2,233.37,222.21,"86.56M",5.37
"353",2022-02-08,220.18,220.85,225.77,216.15,"94.73M",-2.1
"354",2022-02-07,224.91,237.7,238.3,224.01,"88.61M",-5.14
"355",2022-02-04,237.09,234.97,242.61,230.11,"89.34M",-0.28
"356",2022-02-03,237.76,244.65,248,235.75,"188.12M",-26.39
"357",2022-02-02,323,327.82,328,316.87,"58.46M",1.25
"358",2022-02-01,319,314.56,319.66,312.12,"18.02M",1.83
"359",2022-01-31,313.26,300.68,313.79,299.32,"21.58M",3.83
"360",2022-01-28,301.71,295.62,301.9,293.03,"21.87M",2.4
"361",2022-01-27,294.64,297.75,301.71,294.26,"21.63M",0
"362",2022-01-26,294.63,307.01,307.51,290.85,"28.35M",-1.84
"363",2022-01-25,300.15,299.95,306.23,297.58,"25.11M",-2.77
"364",2022-01-24,308.71,297.84,309.53,289.01,"38.94M",1.83
"365",2022-01-21,303.17,314.81,318.31,303.04,"28.71M",-4.23
"366",2022-01-20,316.56,323.9,327.82,315.98,"16.93M",-0.95
"367",2022-01-19,319.59,319.58,327.1,319.33,"20.81M",0.45
"368",2022-01-18,318.15,323.29,324.21,317.64,"22.68M",-4.14
"369",2022-01-14,331.9,321.79,332.73,321.21,"16.87M",1.66
"370",2022-01-13,326.48,334.98,335.63,325.76,"14.80M",-2.03
"371",2022-01-12,333.26,335.18,336.37,330.03,"14.10M",-0.33
"372",2022-01-11,334.37,326.78,334.63,325.28,"16.23M",1.92
"373",2022-01-10,328.07,325.31,328.34,315.43,"24.94M",-1.12
"374",2022-01-07,331.79,332.74,337,328.88,"14.72M",-0.2
"375",2022-01-06,332.46,322.82,339.17,322.72,"27.96M",2.56
"376",2022-01-05,324.17,333.02,335.76,323.84,"20.56M",-3.67
"377",2022-01-04,336.53,339.95,343.09,331.87,"16.00M",-0.59
"378",2022-01-03,338.54,338.3,341.08,337.19,"14.56M",0.65
"379",2021-12-31,336.35,343.01,343.44,336.27,"12.87M",-2.33
"380",2021-12-30,344.36,344,347.23,343.22,"10.59M",0.41
"381",2021-12-29,342.94,346.91,349.69,341.64,"10.75M",-0.95
"382",2021-12-28,346.22,346.63,352.71,345.2,"16.64M",0.01
"383",2021-12-27,346.18,338.85,347.87,338.01,"17.80M",3.26
"384",2021-12-23,335.24,330.1,336.67,328.36,"13.99M",1.45
"385",2021-12-22,330.45,333.8,334.51,328.26,"16.76M",-1.12
"386",2021-12-21,334.2,326.41,336,323.75,"16.12M",2.69
"387",2021-12-20,325.45,329.77,329.9,322.53,"17.90M",-2.5
"388",2021-12-17,333.79,332.8,337.11,330.75,"40.01M",-0.33
"389",2021-12-16,334.9,338.98,344.46,333.74,"22.64M",-1.98
"390",2021-12-15,341.66,332.49,342.11,323.98,"24.68M",2.37
"391",2021-12-14,333.74,328.05,335.7,327.65,"20.46M",-0.22
"392",2021-12-13,334.49,330.95,341.09,329.59,"22.95M",1.44
"393",2021-12-10,329.75,332.56,335.03,326.37,"14.53M",-0.02
"394",2021-12-09,329.82,329.54,336.13,328,"16.88M",-0.22
"395",2021-12-08,330.56,325,332.75,323.07,"19.94M",2.4
"396",2021-12-07,322.81,321.57,326.54,321,"18.79M",1.55
"397",2021-12-06,317.87,308.13,320.1,306.34,"21.76M",3.59
"398",2021-12-03,306.84,313.73,313.75,299.5,"27.47M",-1.14
"399",2021-12-02,310.39,311.4,314.6,307.2,"24.40M",-0.07
"400",2021-12-01,310.6,330.29,330.5,310.29,"30.38M",-4.27
"401",2021-11-30,324.46,335,335.81,323.43,"25.39M",-4.01
"402",2021-11-29,338.03,336.89,340.67,335.31,"16.65M",1.47
"403",2021-11-26,333.12,335.8,337.75,331.9,"14.75M",-2.33
"404",2021-11-24,341.06,336,341.78,332.81,"13.57M",1.13
"405",2021-11-23,337.25,338.93,341.4,333.5,"17.22M",-1.1
"406",2021-11-22,341.01,349.05,353.83,340.51,"27.12M",-1.24
"407",2021-11-19,345.3,342.2,352.1,339.9,"26.49M",1.95
"408",2021-11-18,338.69,339.72,342.46,335.3,"17.49M",-0.61
"409",2021-11-17,340.77,344.24,347.3,340.1,"13.60M",-0.64
"410",2021-11-16,342.96,343.83,346.65,340.87,"18.18M",-1.32
"411",2021-11-15,347.56,344.34,353.65,343.2,"25.08M",1.96
"412",2021-11-12,340.89,330.18,341.86,329.78,"25.41M",4.01
"413",2021-11-11,327.74,329.82,332.46,327,"12.38M",0.03
"414",2021-11-10,327.64,332.49,333.19,325.51,"21.87M",-2.3
"415",2021-11-09,335.37,340,341.31,334.47,"17.56M",-0.96
"416",2021-11-08,338.62,344.42,344.79,338.34,"18.34M",-0.74
"417",2021-11-05,341.13,340.31,346.79,339.64,"26.87M",1.57
"418",2021-11-04,335.85,334.01,337.27,332.65,"22.50M",1.28
"419",2021-11-03,331.62,327.49,332.15,323.2,"20.79M",1.08
"420",2021-11-02,328.08,331.38,334.79,323.8,"28.35M",-0.58
"421",2021-11-01,329.98,326.04,333.45,326,"31.52M",1.98
"422",2021-10-29,323.57,320.19,326,319.6,"37.06M",2.1
"423",2021-10-28,316.92,312.99,325.52,308.11,"50.81M",1.51
"424",2021-10-27,312.22,314.19,319.25,312.06,"29.97M",-1.14
"425",2021-10-26,315.81,328.26,330.21,309.6,"65.65M",-3.92
"426",2021-10-25,328.69,320.3,329.56,319.72,"38.41M",1.26
"427",2021-10-22,324.61,326.35,329.63,321.11,"35.22M",-5.05
"428",2021-10-21,341.88,340.27,342.31,337.8,"16.35M",0.32
"429",2021-10-20,340.78,343.44,343.98,339.45,"13.64M",0.23
"430",2021-10-19,339.99,339.64,342.46,337.28,"18.79M",1.39
"431",2021-10-18,335.34,328.95,335.89,327.5,"21.59M",3.26
"432",2021-10-15,324.76,328.68,329.07,322.51,"21.60M",-1.15
"433",2021-10-14,328.53,328.36,330.52,327.1,"14.30M",1.23
"434",2021-10-13,324.54,326.97,327,322.66,"14.76M",0.24
"435",2021-10-12,323.77,323.03,324.38,317.37,"31.66M",-0.52
"436",2021-10-11,325.45,327.62,330.46,325.31,"14.71M",-1.39
"437",2021-10-08,330.05,331.51,333.4,328.71,"15.95M",0.25
"438",2021-10-07,329.22,337,338.84,328.98,"28.31M",-1.32
"439",2021-10-06,333.64,329.74,334.38,325.8,"26.44M",0.2
"440",2021-10-05,332.96,328.58,335.18,326.16,"35.38M",2.06
"441",2021-10-04,326.23,335.53,335.94,322.7,"42.88M",-4.89
"442",2021-10-01,343.01,341.61,345.02,338.64,"14.91M",1.07
"443",2021-09-30,339.39,340.44,342.8,338.15,"16.55M",-0.06
"444",2021-09-29,339.61,343.15,345.23,338.88,"14.45M",-0.31
"445",2021-09-28,340.65,347.97,349.6,338.92,"21.71M",-3.66
"446",2021-09-27,353.58,349.81,355.15,347.08,"15.21M",0.18
"447",2021-09-24,352.96,343.24,354.35,342.37,"18.80M",2.02
"448",2021-09-23,345.96,345.36,349.67,343,"21.81M",0.8
"449",2021-09-22,343.21,347.23,349.84,340.69,"43.69M",-3.99
"450",2021-09-21,357.48,358.5,360.04,355.19,"11.75M",0.5
"451",2021-09-20,355.7,359.3,361.03,349.8,"19.82M",-2.47
"452",2021-09-17,364.72,371.4,371.41,361.59,"26.30M",-2.24
"453",2021-09-16,373.06,372.79,373.56,369.71,"11.93M",-0.23
"454",2021-09-15,373.92,377,377.56,367.67,"17.94M",-0.69
"455",2021-09-14,376.53,377.4,378.59,375.11,"8.71M",0.01
"456",2021-09-13,376.51,381.68,381.75,374.35,"13.03M",-0.58
"457",2021-09-10,378.69,381.36,383.79,378.26,"11.55M",0.18
"458",2021-09-09,378,377.64,379.83,376.56,"9.10M",0.11
"459",2021-09-08,377.57,380.16,380.87,374.79,"11.07M",-1.21
"460",2021-09-07,382.18,375.88,382.96,373.15,"10.80M",1.57
"461",2021-09-03,376.26,374.75,377.16,373.11,"7.51M",0.26
"462",2021-09-02,375.28,381.5,381.75,374.06,"14.84M",-1.77
"463",2021-09-01,382.05,379.59,384.33,378.81,"11.57M",0.7
"464",2021-08-31,379.38,379.95,382.76,378.8,"12.35M",-0.34
"465",2021-08-30,380.66,372.56,381.49,370.52,"13.55M",2.15
"466",2021-08-27,372.63,365.1,373.74,364.08,"11.22M",2.26
"467",2021-08-26,364.38,368.38,369.44,364.13,"7.89M",-1.09
"468",2021-08-25,368.39,365.6,370.86,365.4,"9.68M",0.79
"469",2021-08-24,365.51,363.66,367.96,361.84,"9.24M",0.59
"470",2021-08-23,363.35,359.44,365.69,359.1,"10.94M",1.11
"471",2021-08-20,359.37,354.6,359.99,353.31,"8.70M",1.2
"472",2021-08-19,355.12,351.35,357.57,351,"12.00M",-0.09
"473",2021-08-18,355.45,356.25,359.86,355.15,"10.04M",-0.84
"474",2021-08-17,358.45,362.98,364.67,355.07,"12.33M",-2.21
"475",2021-08-16,366.56,362.52,366.95,357.38,"11.23M",0.93
"476",2021-08-13,363.18,362.97,364.66,361.48,"7.20M",0.15
"477",2021-08-12,362.65,358.45,363,357.11,"7.18M",0.75
"478",2021-08-11,359.96,362.1,362.36,357.81,"8.40M",-0.32
"479",2021-08-10,361.13,361.82,364.1,359.04,"7.47M",-0.13
"480",2021-08-09,361.61,363.76,365.77,360.75,"7.80M",-0.52
"481",2021-08-06,363.51,361.4,365.15,361.39,"8.93M",0.15
"482",2021-08-05,362.97,359.64,363.9,356.9,"10.25M",1.13
"483",2021-08-04,358.92,352.42,360.48,351.51,"14.18M",2.19
"484",2021-08-03,351.24,352.73,353.77,347.7,"12.41M",-0.2
"485",2021-08-02,351.95,358.1,359.4,350.74,"13.18M",-1.22
"486",2021-07-30,356.3,354,360.73,352.94,"15.98M",-0.56
"487",2021-07-29,358.32,361,365.52,356.74,"33.41M",-4.01
"488",2021-07-28,373.28,374.56,377.55,366.93,"29.68M",1.49
"489",2021-07-27,367.81,371.91,373.15,364.55,"15.71M",-1.25
"490",2021-07-26,372.46,369.58,374.44,368.22,"14.93M",0.72
"491",2021-07-23,369.79,360.91,375.33,357.19,"33.69M",5.3
"492",2021-07-22,351.19,346.68,351.54,345.21,"12.39M",1.43
"493",2021-07-21,346.23,341.5,346.52,341.25,"9.28M",1.34
"494",2021-07-20,341.66,338.8,343.45,334.5,"11.02M",1.4
"495",2021-07-19,336.95,337.57,339.79,334.54,"14.37M",-1.23
"496",2021-07-16,341.16,344.91,345.99,340.14,"11.03M",-0.96
"497",2021-07-15,344.46,349.23,349.23,340.22,"14.78M",-0.91
"498",2021-07-14,347.63,354.56,355.2,346.73,"13.89M",-1.27
"499",2021-07-13,352.09,351.5,358.49,348.8,"11.46M",-0.3
"500",2021-07-12,353.16,351.23,354.19,349.64,"10.02M",0.78
"501",2021-07-09,350.42,345.32,350.71,345.26,"13.02M",1.38
"502",2021-07-08,345.65,345.73,348.33,342.56,"14.41M",-1.38
"503",2021-07-07,350.49,355.26,356.49,350,"14.22M",-0.65
"504",2021-07-06,352.78,356.5,358.79,349.18,"13.49M",-0.54
"505",2021-07-02,354.7,355.1,356.44,352.62,"11.52M",0.09
"506",2021-07-01,354.39,346.82,354.67,346.5,"17.14M",1.92
"507",2021-06-30,347.71,352.17,352.92,347.17,"15.11M",-1.19
"508",2021-06-29,351.89,356.27,356.74,349.05,"21.42M",-1.05
"509",2021-06-28,355.64,342.46,358.14,341.77,"29.16M",4.18
"510",2021-06-25,341.37,342.59,344.12,339.68,"14.59M",-0.53
"511",2021-06-24,343.18,341.85,344.9,341.79,"12.33M",0.76
"512",2021-06-23,340.59,339.35,343.42,338.2,"14.82M",0.46
"513",2021-06-22,339.03,332.69,339.92,332.6,"15.35M",2.03
"514",2021-06-21,332.29,331.09,332.92,327.65,"11.34M",0.8
"515",2021-06-18,329.66,334.53,336.15,329,"23.04M",-2.04
"516",2021-06-17,336.51,330.49,337.98,330.15,"17.79M",1.64
"517",2021-06-16,331.08,336.69,337.55,328.72,"17.23M",-1.68
"518",2021-06-15,336.75,336.99,339.92,335.03,"15.80M",-0.01
"519",2021-06-14,336.77,331.9,336.82,329.81,"12.25M",1.66
"520",2021-06-11,331.26,332.58,332.83,328.93,"13.59M",-0.36
"521",2021-06-10,332.46,330.79,333.94,328.55,"13.24M",0.67
"522",2021-06-09,330.25,335.74,336.8,330,"13.73M",-1.03
"523",2021-06-08,333.68,336.7,338.3,332.24,"14.58M",-0.86
"524",2021-06-07,336.58,329.48,337.69,328.93,"20.14M",1.89
"525",2021-06-04,330.35,325.9,332.45,325.18,"13.29M",1.32
"526",2021-06-03,326.04,325.78,327.38,323.48,"12.61M",-0.94
"527",2021-06-02,329.15,330.38,331.87,327.12,"11.65M",0.01
"528",2021-06-01,329.13,330.15,331.42,326.64,"11.77M",0.12
"529",2021-05-28,328.73,331,332.87,328.33,"12.04M",-1.21
"530",2021-05-27,332.75,328,333.78,326.76,"20.48M",1.55
"531",2021-05-26,327.66,328.35,329.83,325.82,"9.69M",-0.04
"532",2021-05-25,327.79,327.08,329.18,324.8,"16.44M",0.97
"533",2021-05-24,324.63,318.21,325.95,318.03,"16.45M",2.66
"534",2021-05-21,316.23,319.29,319.93,315.81,"13.60M",-0.75
"535",2021-05-20,318.61,313.58,319.25,313.16,"17.32M",1.6
"536",2021-05-19,313.59,304.19,314.66,303.57,"19.11M",1.17
"537",2021-05-18,309.96,315.59,316.5,309.81,"14.52M",-1.74
"538",2021-05-17,315.46,313.55,315.68,311.58,"15.40M",-0.15
"539",2021-05-14,315.94,309.54,316.85,309.08,"19.25M",3.5
"540",2021-05-13,305.26,306.08,308.86,302.77,"18.08M",0.9
"541",2021-05-12,302.55,301.13,304.96,298.19,"24.64M",-1.3
"542",2021-05-11,306.53,300.75,306.84,299.69,"18.92M",0.18
"543",2021-05-10,305.97,314.35,314.58,304.83,"24.24M",-4.11
"544",2021-05-07,319.08,322.38,322.94,318.75,"15.92M",-0.29
"545",2021-05-06,320.02,314.52,320.24,313.27,"19.01M",1.59
"546",2021-05-05,315.02,318.19,321.06,314.49,"15.58M",-1.05
"547",2021-05-04,318.36,320.02,322.19,313.12,"24.03M",-1.31
"548",2021-05-03,322.58,326.17,328.55,321.84,"18.72M",-0.77
"549",2021-04-30,325.08,326.14,329.82,324.5,"26.33M",-1.34
"550",2021-04-29,329.51,330.12,331.81,321.61,"56.53M",7.3
"551",2021-04-28,307.1,307.36,310.92,305.37,"33.91M",1.16
"552",2021-04-27,303.57,304.28,305.34,301.11,"15.31M",0.17
"553",2021-04-26,303.04,303.34,305.8,301.56,"16.17M",0.63
"554",2021-04-23,301.13,298.76,302.59,297.15,"17.56M",1.55
"555",2021-04-22,296.52,301.33,302.92,296.04,"16.38M",-1.64
"556",2021-04-21,301.47,301.94,301.98,297.39,"14.86M",-0.39
"557",2021-04-20,302.65,301.99,305.1,297.21,"16.80M",0.14
"558",2021-04-19,302.24,305.01,307.7,300.56,"14.55M",-1.29
"559",2021-04-16,306.18,308.17,308.95,304.61,"13.06M",-0.53
"560",2021-04-15,307.82,306.34,310.14,304.1,"14.56M",1.65
"561",2021-04-14,302.82,307.3,308.03,301.95,"17.42M",-2.24
"562",2021-04-13,309.76,312.21,314.43,309.32,"14.04M",-0.57
"563",2021-04-12,311.54,311.05,312.15,307.93,"10.88M",-0.29
"564",2021-04-09,312.46,311.4,314.74,310.33,"15.99M",-0.18
"565",2021-04-08,313.02,314.85,315.88,310.05,"20.89M",-0.02
"566",2021-04-07,313.09,306.34,314.25,305.5,"22.86M",2.23
"567",2021-04-06,306.26,308.84,311.35,305.25,"17.34M",-0.86
"568",2021-04-05,308.91,300.89,310.76,300.68,"28.24M",3.43
"569",2021-04-01,298.66,298.4,302.4,296.6,"17.62M",1.4
"570",2021-03-31,294.53,289.99,296.5,288.61,"19.50M",2.27
"571",2021-03-30,288,289.83,292.47,286.7,"17.47M",-0.97
"572",2021-03-29,290.82,285.77,293.18,284.7,"21.72M",2.76
"573",2021-03-26,283.02,278.3,284.5,277.77,"17.63M",1.54
"574",2021-03-25,278.74,280.98,288.06,277.75,"24.51M",-1.21
"575",2021-03-24,282.14,291,291.72,281.16,"18.68M",-2.92
"576",2021-03-23,290.63,293.15,298,289.81,"23.00M",-0.99
"577",2021-03-22,293.54,290.45,299.7,286.75,"28.27M",1.18
"578",2021-03-19,290.11,281.22,292.8,281.19,"38.93M",4.12
"579",2021-03-18,278.62,279.87,285.19,278.28,"18.75M",-1.9
"580",2021-03-17,284.01,275.7,286.23,275.41,"21.32M",1.69
"581",2021-03-16,279.28,276.08,282.14,274.8,"22.44M",2.02
"582",2021-03-15,273.75,269.08,275.96,268.5,"16.86M",1.99
"583",2021-03-12,268.4,269.14,269.74,264.02,"20.60M",-2
"584",2021-03-11,273.88,268.11,277.9,267.82,"21.83M",3.39
"585",2021-03-10,264.9,268.64,268.97,262.87,"14.21M",-0.32
"586",2021-03-09,265.74,261.18,268.53,259.81,"22.04M",4.09
"587",2021-03-08,255.31,265.55,265.58,255.05,"18.39M",-3.39
"588",2021-03-05,264.28,260.67,265.45,255.61,"26.82M",2.58
"589",2021-03-04,257.64,256.47,266.49,253.5,"31.63M",0.87
"590",2021-03-03,255.41,260.29,260.99,255.1,"15.51M",-1.39
"591",2021-03-02,259,265.78,266.71,258.65,"15.19M",-2.23
"592",2021-03-01,264.91,260.82,266.65,257.9,"22.16M",2.83
"593",2021-02-26,257.62,256.47,265.55,256.47,"26.62M",1.15
"594",2021-02-25,254.69,262.3,266.94,254.04,"19.05M",-3.64
"595",2021-02-24,264.31,262.32,266.38,258.39,"15.74M",-0.58
"596",2021-02-23,265.86,259.5,267.46,254.96,"21.92M",2.12
"597",2021-02-22,260.33,257.95,263.07,257.53,"17.43M",-0.47
"598",2021-02-19,261.56,269.86,270.27,260.15,"25.62M",-2.91
"599",2021-02-18,269.39,269.56,271.95,266.03,"15.25M",-1.53
"600",2021-02-17,273.57,271.24,273.97,269.58,"12.76M",-0.15
"601",2021-02-16,273.97,270.8,276.6,270.05,"15.42M",1.28
"602",2021-02-12,270.5,270.52,271.18,268.34,"9.10M",0.04
"603",2021-02-11,270.39,271.89,273.58,268.49,"12.83M",-0.54
"604",2021-02-10,271.87,272.45,273.8,267.72,"14.69M",0.9
"605",2021-02-09,269.45,266.44,273.39,265.75,"14.61M",1.08
"606",2021-02-08,266.58,268.75,269.86,265,"13.76M",-0.57
"607",2021-02-05,268.1,266.8,269.17,265.67,"12.45M",0.6
"608",2021-02-04,266.49,267.01,268.16,264,"16.06M",-0.06
"609",2021-02-03,266.65,265.62,269.2,263.84,"14.22M",-0.16
"610",2021-02-02,267.08,264,268.85,263.27,"17.32M",1.94
"611",2021-02-01,262.01,259.52,264.17,254.91,"22.91M",1.42
"612",2021-01-29,258.33,265.3,266.56,254.85,"30.39M",-2.52
"613",2021-01-28,265,277.18,286.79,264.7,"37.76M",-2.62
"614",2021-01-27,272.14,282.53,283.45,268.12,"35.35M",-3.51
"615",2021-01-26,282.05,278.14,285.39,277.81,"19.37M",1.45
"616",2021-01-25,278.01,278.14,280.1,271.51,"19.09M",1.28
"617",2021-01-22,274.5,272.01,278.47,272,"21.95M",0.6
"618",2021-01-21,272.87,269.26,273.6,267.49,"20.84M",2.02
"619",2021-01-20,267.48,268.93,270.32,263.6,"25.20M",2.44
"620",2021-01-19,261.1,256.9,262.2,252.72,"28.03M",3.87
"621",2021-01-15,251.36,247.9,253.86,247.16,"24.94M",2.33
"622",2021-01-14,245.64,253.4,255.03,244.61,"29.74M",-2.38
"623",2021-01-13,251.64,251.55,253.95,249.2,"19.53M",0.22
"624",2021-01-12,251.09,256.63,259.72,250.3,"26.45M",-2.24
"625",2021-01-11,256.84,260.48,263.47,255.9,"30.41M",-4.01
"626",2021-01-08,267.57,268.31,268.95,263.18,"18.53M",-0.44
"627",2021-01-07,268.74,265.9,271.61,264.78,"15.79M",2.06
"628",2021-01-06,263.31,262,267.75,260.01,"24.35M",-2.83
"629",2021-01-05,270.97,268.29,272.4,268.21,"9.87M",0.75
"630",2021-01-04,268.94,274.78,275,265.2,"15.11M",-1.54
"631",2020-12-31,273.16,272,277.09,269.81,"12.90M",0.47
"632",2020-12-30,271.87,277.95,278.08,271.71,"11.80M",-1.77
"633",2020-12-29,276.78,276.95,280.51,276.28,"16.38M",-0.08
"634",2020-12-28,277,268.74,277.3,265.66,"23.30M",3.59
"635",2020-12-24,267.4,268.88,270.4,266.2,"6.70M",-0.26
"636",2020-12-23,268.11,266.89,272.17,266.23,"14.33M",0.38
"637",2020-12-22,267.09,271.5,271.5,264.63,"17.34M",-2.09
"638",2020-12-21,272.79,272.98,274.67,267.79,"16.55M",-1.31
"639",2020-12-18,276.4,275.77,278,271.14,"26.69M",0.7
"640",2020-12-17,274.48,277.07,280.44,273.61,"16.38M",-0.43
"641",2020-12-16,275.67,274.76,277.86,272.51,"15.88M",0.04
"642",2020-12-15,275.55,274.83,276.08,267.47,"23.98M",0.5
"643",2020-12-14,274.19,273.37,277.22,271.56,"16.38M",0.23
"644",2020-12-11,273.55,274.53,276.48,270.25,"14.39M",-1.29
"645",2020-12-10,277.12,275.54,278.73,271.86,"20.07M",-0.29
"646",2020-12-09,277.92,283.66,287.63,271.75,"25.19M",-1.93
"647",2020-12-08,283.4,286.01,286.43,281.55,"10.75M",-0.76
"648",2020-12-07,285.58,279.19,288.49,278.2,"13.01M",2.1
"649",2020-12-04,279.7,280.3,283.46,279.3,"10.88M",-0.76
"650",2020-12-03,281.85,286.25,286.65,281.07,"12.92M",-1.97
"651",2020-12-02,287.52,285.36,291.78,280.82,"17.36M",0.34
"652",2020-12-01,286.55,279.16,289.3,278.96,"20.78M",3.46
"653",2020-11-30,276.97,276.03,277.7,271.01,"16.69M",-0.3
"654",2020-11-27,277.81,277.39,279.13,274.82,"7.81M",0.81
"655",2020-11-25,275.59,278.14,280.18,272.65,"12.47M",-0.48
"656",2020-11-24,276.92,268.49,277.82,267.87,"16.93M",3.16
"657",2020-11-23,268.43,270.89,270.95,264.53,"20.99M",-0.47
"658",2020-11-20,269.7,272.56,273,269.41,"18.12M",-1.19
"659",2020-11-19,272.94,271.02,273.47,269.19,"12.96M",0.36
"660",2020-11-18,271.97,274.52,277.39,271.84,"12.15M",-1.1
"661",2020-11-17,275,277.68,277.68,273.29,"15.04M",-1.42
"662",2020-11-16,278.96,275.05,279.41,274.63,"12.97M",0.73
"663",2020-11-13,276.95,277.72,277.76,273.1,"10.40M",0.68
"664",2020-11-12,275.08,277.18,279.75,274.43,"12.91M",-0.51
"665",2020-11-11,276.48,273.47,278.4,272.48,"14.96M",1.49
"666",2020-11-10,272.43,273.1,274,264,"29.07M",-2.27
"667",2020-11-09,278.77,289.87,292.58,278.53,"25.12M",-4.99
"668",2020-11-06,293.41,293.95,294.6,288.06,"13.89M",-0.43
"669",2020-11-05,294.68,291.9,297.38,288.95,"23.82M",2.54
"670",2020-11-04,287.38,281,288.94,278.62,"35.36M",8.32
"671",2020-11-03,265.3,263.16,270.05,260.88,"17.96M",1.51
"672",2020-11-02,261.36,264.6,270.47,257.34,"27.17M",-0.67
"673",2020-10-30,263.11,274.5,276.7,259.1,"47.30M",-6.31
"674",2020-10-29,280.83,276.55,283.6,273.78,"32.37M",4.92
"675",2020-10-28,267.67,278.79,278.79,267.26,"23.12M",-5.51
"676",2020-10-27,283.29,278.76,284.51,276.31,"16.29M",2.23
"677",2020-10-26,277.11,283.16,285.23,274.26,"21.32M",-2.7
"678",2020-10-23,284.79,278.8,285.24,276.82,"17.54M",2.4
"679",2020-10-22,278.12,279.87,282.45,275.04,"16.72M",-0.22
"680",2020-10-21,278.73,279.56,283.05,276.37,"29.00M",4.17
"681",2020-10-20,267.56,263.06,269.7,262.88,"18.76M",2.36
"682",2020-10-19,261.4,265.53,268.55,259.88,"13.59M",-1.7
"683",2020-10-16,265.93,267.38,271.37,265.3,"16.62M",-0.3
"684",2020-10-15,266.72,267.6,269.04,263.67,"15.42M",-1.88
"685",2020-10-14,271.82,277.62,278.75,271.5,"15.60M",-1.56
"686",2020-10-13,276.14,277.58,279.1,273.39,"18.06M",0.14
"687",2020-10-12,275.75,270.2,280.18,267.87,"31.02M",4.27
"688",2020-10-09,264.45,264.52,264.75,262.17,"14.11M",0.26
"689",2020-10-08,263.76,259.75,264.62,259.15,"16.31M",2.19
"690",2020-10-07,258.12,259.21,260.18,254.82,"23.13M",-0.21
"691",2020-10-06,258.66,261.78,265.69,258.24,"18.70M",-2.26
"692",2020-10-05,264.65,262.2,264.87,260.84,"12.82M",1.81
"693",2020-10-02,259.94,261.21,265.15,259.18,"16.37M",-2.51
"694",2020-10-01,266.63,265.35,268.33,264.8,"20.01M",1.81
"695",2020-09-30,261.9,261.98,266.08,260.1,"20.14M",0.04
"696",2020-09-29,261.79,257.81,263.33,256.9,"20.22M",1.94
"697",2020-09-28,256.82,259.4,259.6,254.82,"18.83M",0.78
"698",2020-09-25,254.82,249.4,255.75,246.61,"18.35M",2.12
"699",2020-09-24,249.53,246.5,252.24,245.62,"20.01M",0.2
"700",2020-09-23,249.02,255.26,257.99,248.15,"19.64M",-2.25
"701",2020-09-22,254.75,253.31,255.32,248.22,"30.29M",2.66
"702",2020-09-21,248.15,247.54,249.95,244.13,"24.71M",-1.73
"703",2020-09-18,252.53,258.4,259.2,250.05,"28.13M",-0.9
"704",2020-09-17,254.82,258.28,261.5,250.19,"31.28M",-3.3
"705",2020-09-16,263.52,267.29,272.44,261.79,"29.21M",-3.27
"706",2020-09-15,272.42,270.67,274.52,269.3,"18.48M",2.36
"707",2020-09-14,266.15,270.95,276.64,265.7,"24.09M",-0.17
"708",2020-09-11,266.61,270.06,271.39,262.64,"18.91M",-0.55
"709",2020-09-10,268.09,275.51,279.16,267.03,"24.81M",-2.06
"710",2020-09-09,273.72,275.77,278.48,271.35,"22.92M",0.94
"711",2020-09-08,271.16,271.28,279.3,269.42,"24.86M",-4.09
"712",2020-09-04,282.73,287.25,289,271.14,"30.33M",-2.88
"713",2020-09-03,291.12,295.99,297.6,283.63,"32.29M",-3.76
"714",2020-09-02,302.5,298.88,303.6,293.05,"24.34M",2.39
"715",2020-09-01,295.44,294.71,301.49,292.71,"17.32M",0.76
"716",2020-08-31,293.2,293.95,296.88,291.55,"17.35M",-0.16
"717",2020-08-28,293.66,295,297.23,290.98,"17.17M",0.15
"718",2020-08-27,293.22,300.16,301.23,292.02,"30.30M",-3.52
"719",2020-08-26,303.91,284,304.67,284,"69.02M",8.22
"720",2020-08-25,280.82,272.41,283.09,270.26,"42.13M",3.47
"721",2020-08-24,271.39,271.07,277.25,268.77,"23.69M",1.64
"722",2020-08-21,267.01,268.69,270.49,266.42,"15.54M",-0.74
"723",2020-08-20,269.01,261.5,269.63,261.46,"20.30M",2.44
"724",2020-08-19,262.59,261.39,267.91,261.35,"23.29M",0.1
"725",2020-08-18,262.34,260.95,265.15,259.26,"18.69M",0.45
"726",2020-08-17,261.16,262.5,264.1,259.4,"13.35M",-0.03
"727",2020-08-14,261.24,262.31,262.65,258.68,"14.79M",-0.02
"728",2020-08-13,261.3,261.55,265.16,259.57,"17.37M",0.54
"729",2020-08-12,259.89,258.97,263.9,258.11,"21.43M",1.47
"730",2020-08-11,256.13,260.19,265.92,255.13,"28.24M",-2.61
"731",2020-08-10,263,268.04,273.86,259.69,"30.25M",-2.03
"732",2020-08-07,268.44,264.08,278.89,263.43,"72.77M",1.19
"733",2020-08-06,265.28,249.04,266.6,248.66,"45.24M",6.49
"734",2020-08-05,249.12,250.19,252.27,247.77,"13.09M",-0.28
"735",2020-08-04,249.83,251.56,252.8,247.43,"17.18M",-0.85
"736",2020-08-03,251.96,252.65,255.4,250.33,"23.13M",-0.67
"737",2020-07-31,253.67,255.82,255.85,249,"53.03M",8.17
"738",2020-07-30,234.5,230.22,234.89,229,"20.62M",0.52
"739",2020-07-29,233.29,231.14,233.7,230.31,"13.59M",1.38
"740",2020-07-28,230.12,234.63,234.96,229.83,"14.17M",-1.45
"741",2020-07-27,233.5,231.46,234.95,230.83,"13.16M",1.21
"742",2020-07-24,230.71,230.19,233.49,226.9,"18.33M",-0.81
"743",2020-07-23,232.6,239.63,242.42,231.75,"21.77M",-3.03
"744",2020-07-22,239.87,240.26,241.9,238.12,"15.43M",-0.78
"745",2020-07-21,241.75,246.22,246.91,240.08,"19.41M",-1.5
"746",2020-07-20,245.42,240.06,246.05,235.63,"20.87M",1.4
"747",2020-07-17,242.03,241,244.16,237.86,"18.15M",0.46
"748",2020-07-16,240.93,238,241.76,236.33,"18.88M",0.27
"749",2020-07-15,240.28,241.55,244.82,238.05,"19.13M",0.23
"750",2020-07-14,239.73,236.76,240.33,232.03,"23.38M",0.31
"751",2020-07-13,239,247,250.15,238.42,"24.67M",-2.48
"752",2020-07-10,245.07,243.69,245.49,239.32,"22.98M",0.23
"753",2020-07-09,244.5,245,246.53,239.24,"22.17M",0.38
"754",2020-07-08,243.58,238.11,246.99,236.59,"29.79M",1.13
"755",2020-07-07,240.86,239.41,247.65,238.82,"27.89M",0.24
"756",2020-07-06,240.28,233.76,240.4,232.27,"26.21M",2.94
"757",2020-07-02,233.42,239,240,232.61,"30.63M",-1.74
"758",2020-07-01,237.55,228.5,239,227.56,"43.40M",4.62
"759",2020-06-30,227.07,220.59,227.5,218.47,"33.93M",2.91
"760",2020-06-29,220.64,209.75,220.75,207.11,"58.51M",2.11
"761",2020-06-26,216.08,232.64,233.09,215.4,"76.34M",-8.32
"762",2020-06-25,235.68,234.62,237.3,232.74,"18.70M",0.71
"763",2020-06-24,234.02,241.2,243.22,232.68,"20.83M",-3.39
"764",2020-06-23,242.24,241.28,245.19,239.86,"24.02M",1.26
"765",2020-06-22,239.22,238.56,240.7,236.91,"18.92M",0.18
"766",2020-06-19,238.79,237.79,240.83,235.55,"30.08M",1.21
"767",2020-06-18,235.94,234.99,236.14,232.15,"15.78M",0.17
"768",2020-06-17,235.53,235,237.59,231.73,"19.58M",-0.05
"769",2020-06-16,235.65,237.14,238.46,233,"15.24M",1.35
"770",2020-06-15,232.5,225.09,233.77,224.8,"15.34M",1.71
"771",2020-06-12,228.58,229.9,231.66,224.5,"22.09M",1.85
"772",2020-06-11,224.43,229.94,232.89,223.55,"26.71M",-5.2
"773",2020-06-10,236.73,240.96,241.21,235.28,"20.72M",-0.81
"774",2020-06-09,238.67,231.52,239.77,230.41,"27.46M",3.14
"775",2020-06-08,231.4,229.03,231.55,227.41,"15.47M",0.27
"776",2020-06-05,230.77,226.71,231.35,225.31,"16.75M",1.98
"777",2020-06-04,226.29,229.56,231.63,224.61,"17.04M",-1.68
"778",2020-06-03,230.16,232.11,232.65,228.53,"15.38M",-1.1
"779",2020-06-02,232.72,230.94,233,226.56,"20.92M",0.35
"780",2020-06-01,231.91,224.59,232.44,223.5,"18.22M",3.03
"781",2020-05-29,225.09,225.2,227.49,222.88,"23.32M",-0.16
"782",2020-05-28,225.46,224.3,231.63,224,"29.42M",-1.61
"783",2020-05-27,229.14,229.07,230.56,221.13,"34.70M",-1.32
"784",2020-05-26,232.2,239.77,240.9,231.67,"33.18M",-1.15
"785",2020-05-22,234.91,231.51,235.99,228.74,"33.93M",1.52
"786",2020-05-21,231.39,234.72,237.2,231.2,"47.78M",0.62
"787",2020-05-20,229.97,223.5,231.34,223.19,"50.16M",6.04
"788",2020-05-19,216.88,213.27,220.49,212.83,"31.84M",1.73
"789",2020-05-18,213.19,212.15,214.64,210.94,"20.17M",1.1
"790",2020-05-15,210.88,205.27,211.34,204.12,"19.38M",1.97
"791",2020-05-14,206.81,202.56,206.93,200.69,"17.18M",0.83
"792",2020-05-13,205.1,209.43,210.78,202.11,"20.68M",-2.38
"793",2020-05-12,210.1,213.29,215.28,210,"14.70M",-1.44
"794",2020-05-11,213.18,210.89,215,210.37,"12.91M",0.39
"795",2020-05-08,212.35,212.24,213.21,210.85,"12.52M",0.52
"796",2020-05-07,211.26,211.16,211.6,209.04,"15.15M",1.34
"797",2020-05-06,208.47,208.12,211.6,206.66,"21.86M",0.68
"798",2020-05-05,207.07,207.02,210.38,206.5,"21.07M",0.88
"799",2020-05-04,205.26,200.2,205.91,198.76,"19.25M",1.48
"800",2020-05-01,202.27,201.6,207.28,199.05,"30.42M",-1.19
"801",2020-04-30,204.71,206.92,209.69,201.57,"46.23M",5.42
"802",2020-04-29,194.19,190.93,196.91,190,"45.95M",6.17
"803",2020-04-28,182.91,188.66,189.2,182.56,"21.73M",-2.45
"804",2020-04-27,187.5,192.66,193.75,187.41,"29.20M",-1.35
"805",2020-04-24,190.07,183.23,190.41,180.82,"28.87M",2.67
"806",2020-04-23,185.13,184.08,187.05,183.15,"21.43M",1.56
"807",2020-04-22,182.28,178.45,184.78,178.14,"33.37M",6.72
"808",2020-04-21,170.8,175.25,175.38,168.34,"24.85M",-4.17
"809",2020-04-20,178.24,177.41,180.5,176.77,"16.11M",-0.56
"810",2020-04-17,179.24,179.2,180.28,176.66,"20.97M",1.7
"811",2020-04-16,176.25,177.95,178.05,172.51,"23.59M",-0.41
"812",2020-04-15,176.97,175.19,178.19,172.82,"17.42M",-0.67
"813",2020-04-14,178.17,178.98,181.22,176.62,"21.01M",1.93
"814",2020-04-13,174.79,173.67,175,169.45,"19.36M",-0.23
"815",2020-04-09,175.19,175.9,177.08,171.57,"23.53M",0.52
"816",2020-04-08,174.28,171.25,175,167.74,"21.66M",3.23
"817",2020-04-07,168.83,171.79,173.39,166.01,"31.41M",1.98
"818",2020-04-06,165.55,160.15,166.2,158.51,"28.45M",7.37
"819",2020-04-03,154.18,157.15,157.91,150.83,"25.98M",-2.53
"820",2020-04-02,158.19,159.1,161.35,155.92,"20.89M",-0.88
"821",2020-04-01,159.6,161.62,164.15,158.03,"19.51M",-4.32
"822",2020-03-31,166.8,165.48,170.93,164.2,"23.68M",0.51
"823",2020-03-30,165.95,159.18,166.75,158.06,"22.52M",5.84
"824",2020-03-27,156.79,158.2,160.09,154.75,"24.88M",-4.01
"825",2020-03-26,163.34,158.25,164,157.02,"26.58M",4.56
"826",2020-03-25,156.21,158.92,162.99,153.06,"35.18M",-2.96
"827",2020-03-24,160.98,155.21,161.31,152.57,"30.44M",8.7
"828",2020-03-23,148.1,149.66,152.31,142.25,"29.83M",-1.09
"829",2020-03-20,149.73,156.02,159.27,148,"32.57M",-2.22
"830",2020-03-19,153.13,146.62,159.93,144.8,"39.86M",4.2
"831",2020-03-18,146.96,139.75,148.18,137.1,"37.55M",-1.65
"832",2020-03-17,149.42,150.74,153.94,140,"34.26M",2.34
"833",2020-03-16,146.01,152.32,159.13,143.1,"39.12M",-14.25
"834",2020-03-13,170.28,163.53,170.79,157.6,"35.03M",10.23
"835",2020-03-12,154.47,159.54,166.6,154.34,"43.27M",-9.26
"836",2020-03-11,170.24,174.01,175.88,167.66,"20.40M",-4.46
"837",2020-03-10,178.19,174.67,178.29,169.5,"24.52M",5.13
"838",2020-03-09,169.5,169.6,175,165.19,"29.95M",-6.4
"839",2020-03-06,181.09,178.33,183.78,176.26,"24.56M",-2.2
"840",2020-03-05,185.17,186.78,188.99,183.89,"19.33M",-3.44
"841",2020-03-04,191.76,189.17,191.83,186.39,"23.06M",3.16
"842",2020-03-03,185.89,196.22,197.24,183.97,"27.98M",-5.37
"843",2020-03-02,196.44,194.03,196.57,188.85,"24.95M",2.06
"844",2020-02-28,192.47,182.69,192.74,181.82,"32.58M",1.43
"845",2020-02-27,189.75,191.82,195.88,189.5,"21.68M",-3.78
"846",2020-02-26,197.2,197.19,201.21,195.49,"16.56M",0.22
"847",2020-02-25,196.77,202.25,203.5,195.95,"21.43M",-1.97
"848",2020-02-24,200.72,201.8,203.65,198.17,"23.08M",-4.5
"849",2020-02-21,210.18,213.48,214.24,208.83,"14.10M",-2.05
"850",2020-02-20,214.58,216.52,218.76,212.94,"13.11M",-1.34
"851",2020-02-19,217.49,217.99,218.32,216.11,"12.14M",-0.14
"852",2020-02-18,217.8,213.55,217.97,213.4,"15.63M",1.69
"853",2020-02-14,214.18,214,214.93,212.65,"10.74M",0.49
"854",2020-02-13,213.14,209.52,214.33,209.18,"15.40M",1.13
"855",2020-02-12,210.76,207.85,211.22,207.4,"13.81M",1.72
"856",2020-02-11,207.19,210.19,210.86,206.51,"25.03M",-2.76
"857",2020-02-10,213.06,211.52,213.8,210.66,"11.86M",0.34
"858",2020-02-07,212.33,210.3,212.82,209.93,"12.24M",0.7
"859",2020-02-06,210.85,210.47,211.19,209.34,"10.57M",0.35
"860",2020-02-05,210.11,212.51,212.73,208.71,"12.54M",0.13
"861",2020-02-04,209.83,206.62,210.6,205.2,"19.63M",2.76
"862",2020-02-03,204.19,203.44,205.14,202.5,"15.51M",1.13
"863",2020-01-31,201.91,208.43,208.69,201.06,"31.36M",-3.64
"864",2020-01-30,209.53,206.53,211.43,204.75,"48.78M",-6.14
"865",2020-01-29,223.23,221.44,224.2,218.45,"33.61M",2.5
"866",2020-01-28,217.79,216.14,218.74,213.52,"13.41M",1.36
"867",2020-01-27,214.87,213.1,216.06,212.5,"13.81M",-1.41
"868",2020-01-24,217.94,220.8,221.78,216.11,"11.91M",-0.83
"869",2020-01-23,219.76,220.75,221.49,219.27,"11.20M",-0.7
"870",2020-01-22,221.32,222.31,222.75,221.28,"12.21M",-0.05
"871",2020-01-21,221.44,222.16,222.37,219.12,"14.28M",-0.32
"872",2020-01-17,222.14,222.03,222.29,220.53,"15.91M",0.17
"873",2020-01-16,221.77,222.57,222.63,220.39,"10.02M",0.28
"874",2020-01-15,221.15,220.61,221.68,220.14,"10.04M",0.95
"875",2020-01-14,219.06,221.61,222.38,218.63,"13.32M",-1.28
"876",2020-01-13,221.91,219.6,221.97,219.21,"14.49M",1.77
"877",2020-01-10,218.06,219.2,219.88,217.42,"12.13M",-0.11
"878",2020-01-09,218.3,217.54,218.38,216.28,"12.68M",1.43
"879",2020-01-08,215.22,213,216.24,212.61,"13.49M",1.01
"880",2020-01-07,213.06,212.82,214.58,211.75,"15.11M",0.22
"881",2020-01-06,212.6,206.7,212.78,206.52,"17.07M",1.88
