"Date","Price","Open","High","Low","Vol.","Change %"
"07/06/2023","296.63","295.95","298.08","292.73","21.70M","0.77%"
"07/05/2023","294.37","287.65","298.12","286.36","33.54M","2.92%"
"07/03/2023","286.02","286.65","289.31","284.85","8.63M","-0.33%"
"06/30/2023","286.98","284.76","289.05","284.42","19.69M","1.94%"
"06/29/2023","281.53","284.50","286.57","280.69","15.40M","-1.32%"
"06/28/2023","285.29","284.82","289.55","284.06","16.58M","-0.61%"
"06/27/2023","287.05","282.01","289.35","280.65","25.81M","3.08%"
"06/26/2023","278.47","288.70","289.79","277.60","23.95M","-3.55%"
"06/23/2023","288.73","281.51","289.67","278.95","51.09M","1.35%"
"06/22/2023","284.88","279.08","285.26","277.79","17.27M","1.15%"
"06/21/2023","281.64","283.53","284.00","278.36","19.92M","-0.95%"
"06/20/2023","284.33","278.73","284.80","276.22","20.53M","1.19%"
"06/16/2023","281.00","284.75","287.85","280.13","43.13M","-0.29%"
"06/15/2023","281.83","272.30","283.99","271.42","25.85M","3.10%"
"06/14/2023","273.35","271.89","274.99","268.32","19.18M","0.75%"
"06/13/2023","271.32","274.88","275.72","269.09","16.09M","0.10%"
"06/12/2023","271.05","267.17","271.75","265.33","15.38M","2.30%"
"06/09/2023","264.95","262.48","267.95","261.70","16.95M","0.14%"
"06/08/2023","264.58","260.62","267.65","258.88","20.90M","0.37%"
"06/07/2023","263.60","271.67","274.25","262.80","26.16M","-2.77%"
"06/06/2023","271.12","270.14","276.57","269.69","19.26M","-0.10%"
"06/05/2023","271.39","270.30","275.57","269.56","20.57M","-0.45%"
"06/02/2023","272.61","272.66","275.35","271.12","19.35M","0.00%"
"06/01/2023","272.61","265.90","274.00","265.89","25.28M","2.98%"
"05/31/2023","264.72","260.00","265.00","258.45","25.37M","0.84%"
"05/30/2023","262.52","265.25","268.65","261.29","23.69M","0.18%"
"05/26/2023","262.04","252.93","262.31","252.71","25.77M","3.70%"
"05/25/2023","252.69","253.40","255.62","249.17","21.99M","1.40%"
"05/24/2023","249.21","245.28","249.59","244.95","17.32M","1.00%"
"05/23/2023","246.74","246.81","251.61","246.65","17.67M","-0.64%"
"05/22/2023","248.32","245.41","253.57","245.12","27.49M","1.09%"
"05/19/2023","245.64","247.47","248.69","243.41","21.73M","-0.49%"
"05/18/2023","246.85","241.30","247.09","241.19","22.81M","1.80%"
"05/17/2023","242.49","238.45","243.84","238.14","21.14M","1.53%"
"05/16/2023","238.82","235.79","239.63","235.52","18.11M","-0.02%"
"05/15/2023","238.86","236.92","240.26","235.33","20.65M","2.16%"
"05/12/2023","233.81","236.74","236.96","231.45","16.14M","-0.84%"
"05/11/2023","235.79","233.05","238.21","232.30","20.38M","1.16%"
"05/10/2023","233.08","236.17","236.75","230.72","18.70M","-0.12%"
"05/09/2023","233.37","231.46","235.88","231.08","16.83M","0.04%"
"05/08/2023","233.27","231.41","235.62","230.27","14.95M","0.21%"
"05/05/2023","232.78","232.24","234.68","229.85","26.91M","-0.32%"
"05/04/2023","233.52","236.06","238.20","232.93","17.79M","-1.48%"
"05/03/2023","237.03","239.47","241.75","232.75","33.95M","-0.92%"
"05/02/2023","239.24","243.18","244.92","238.99","23.17M","-1.62%"
"05/01/2023","243.18","238.62","244.00","236.46","29.14M","1.19%"
"04/28/2023","240.32","239.01","240.43","235.75","39.18M","0.74%"
"04/27/2023","238.56","239.89","241.68","236.77","70.79M","13.93%"
"04/26/2023","209.40","212.50","214.11","208.88","35.22M","0.89%"
"04/25/2023","207.55","210.82","211.26","207.13","18.61M","-2.46%"
"04/24/2023","212.79","213.68","213.92","210.71","15.75M","-0.05%"
"04/21/2023","212.89","210.21","213.41","209.58","17.67M","-0.08%"
"04/20/2023","213.07","213.48","216.75","212.77","16.43M","-1.22%"
"04/19/2023","215.70","213.47","217.33","212.93","15.90M","-1.01%"
"04/18/2023","217.89","219.91","220.44","216.21","12.21M","-0.44%"
"04/17/2023","218.86","219.79","220.98","217.13","15.41M","-1.19%"
"04/14/2023","221.49","217.88","222.11","217.55","21.59M","0.52%"
"04/13/2023","220.35","215.73","221.15","215.69","23.23M","2.97%"
"04/12/2023","214.00","214.84","216.84","212.58","18.97M","0.07%"
"04/11/2023","213.85","215.48","216.02","213.41","16.35M","-0.42%"
"04/10/2023","214.75","214.71","215.66","210.66","15.84M","-0.62%"
"04/06/2023","216.10","209.25","216.94","208.65","26.10M","2.18%"
"04/05/2023","211.48","214.15","215.19","209.94","19.33M","-1.51%"
"04/04/2023","214.72","213.39","216.24","212.54","20.98M","0.77%"
"04/03/2023","213.07","208.84","213.49","208.20","17.89M","0.53%"
"03/31/2023","211.94","207.24","212.17","206.77","25.39M","1.97%"
"03/30/2023","207.84","203.38","208.09","202.82","22.55M","1.21%"
"03/29/2023","205.35","203.56","205.72","202.54","18.85M","2.33%"
"03/28/2023","200.68","200.15","201.03","197.90","19.09M","-1.06%"
"03/27/2023","202.84","204.81","205.86","201.36","18.45M","-1.54%"
"03/24/2023","206.01","205.18","207.58","203.55","27.73M","0.85%"
"03/23/2023","204.28","202.84","207.88","202.15","27.17M","2.24%"
"03/22/2023","199.81","202.50","207.37","199.67","28.04M","-1.16%"
"03/21/2023","202.16","203.20","203.55","197.95","31.48M","2.20%"
"03/20/2023","197.81","198.48","199.36","193.64","25.14M","1.12%"
"03/17/2023","195.61","200.56","201.90","195.43","50.14M","-4.55%"
"03/16/2023","204.93","198.26","205.76","196.09","50.82M","3.63%"
"03/15/2023","197.75","192.95","197.78","190.84","42.12M","1.92%"
"03/14/2023","194.02","187.58","194.32","186.56","41.02M","7.25%"
"03/13/2023","180.90","177.96","183.78","174.82","24.68M","0.77%"
"03/10/2023","179.51","181.01","184.77","178.80","25.67M","-1.20%"
"03/09/2023","181.69","186.35","188.93","180.30","26.51M","-1.77%"
"03/08/2023","184.97","182.87","185.26","181.34","19.43M","0.25%"
"03/07/2023","184.51","189.00","190.36","184.01","36.70M","-0.21%"
"03/06/2023","184.90","188.00","189.66","184.64","33.21M","-0.19%"
"03/03/2023","185.25","178.92","186.62","177.05","43.85M","6.14%"
"03/02/2023","174.53","172.38","175.01","171.43","17.33M","0.64%"
"03/01/2023","173.42","174.59","177.85","173.05","29.18M","-0.87%"
"02/28/2023","174.94","171.90","177.55","171.87","46.05M","3.19%"
"02/27/2023","169.54","171.88","173.12","169.06","19.28M","-0.50%"
"02/24/2023","170.39","168.64","170.72","167.66","19.79M","-0.96%"
"02/23/2023","172.04","172.00","173.69","169.38","20.02M","0.54%"
"02/22/2023","171.12","171.07","172.76","169.69","20.57M","-0.56%"
"02/21/2023","172.08","174.31","178.17","171.88","32.72M","-0.46%"
"02/17/2023","172.88","170.22","173.18","169.70","24.17M","0.26%"
"02/16/2023","172.44","172.75","175.85","171.79","25.71M","-2.66%"
"02/15/2023","177.16","176.41","178.19","175.33","24.92M","-1.29%"
"02/14/2023","179.48","177.16","181.51","175.88","23.97M","0.03%"
"02/13/2023","179.43","178.21","181.00","175.82","31.41M","3.03%"
"02/10/2023","174.15","176.35","178.89","173.35","33.43M","-2.12%"
"02/09/2023","177.92","186.13","186.65","177.27","36.92M","-3.00%"
"02/08/2023","183.43","190.00","190.83","182.92","35.96M","-4.27%"
"02/07/2023","191.62","185.57","193.78","184.40","45.70M","2.99%"
"02/06/2023","186.06","186.53","190.70","185.52","42.48M","-0.25%"
"02/03/2023","186.53","183.46","196.77","182.89","76.81M","-1.19%"
"02/02/2023","188.77","183.38","197.16","180.16","150.48M","23.28%"
"02/01/2023","153.12","148.03","153.58","147.06","47.55M","2.79%"
"01/31/2023","148.97","147.95","149.88","147.52","29.27M","1.30%"
"01/30/2023","147.06","149.40","151.12","146.95","28.04M","-3.08%"
"01/27/2023","151.74","148.24","153.19","147.39","35.77M","3.01%"
"01/26/2023","147.30","144.40","147.51","143.30","25.37M","4.10%"
"01/25/2023","141.50","141.22","143.17","140.31","26.62M","-1.15%"
"01/24/2023","143.14","141.69","145.00","141.36","21.74M","-0.09%"
"01/23/2023","143.27","139.29","143.76","138.66","26.90M","2.80%"
"01/20/2023","139.37","135.89","139.94","134.61","28.69M","2.37%"
"01/19/2023","136.15","132.49","137.45","132.14","28.46M","2.35%"
"01/18/2023","133.02","135.81","137.25","132.80","20.15M","-1.73%"
"01/17/2023","135.36","136.18","136.75","134.25","21.09M","-1.18%"
"01/13/2023","136.98","134.97","137.39","134.84","22.42M","0.20%"
"01/12/2023","136.71","133.44","137.68","131.76","30.70M","2.87%"
"01/11/2023","132.89","130.96","133.85","130.34","25.37M","-0.08%"
"01/10/2023","132.99","127.27","133.44","127.15","28.07M","2.72%"
"01/09/2023","129.47","131.16","132.95","129.28","26.47M","-0.42%"
"01/06/2023","130.02","128.97","130.33","126.04","27.58M","2.43%"
"01/05/2023","126.94","126.13","128.52","124.54","25.45M","-0.34%"
"01/04/2023","127.37","127.38","129.05","125.85","32.23M","2.11%"
"01/03/2023","124.74","122.82","126.37","122.28","35.38M","3.66%"
"12/30/2022","120.34","118.16","120.42","117.74","19.58M","0.07%"
"12/29/2022","120.26","116.40","121.03","115.77","22.30M","4.01%"
"12/28/2022","115.62","116.25","118.15","115.51","19.55M","-1.08%"
"12/27/2022","116.88","117.93","118.60","116.05","20.86M","-0.98%"
"12/23/2022","118.04","116.03","118.18","115.54","17.76M","0.79%"
"12/22/2022","117.12","117.20","118.62","114.38","23.00M","-2.20%"
"12/21/2022","119.76","116.70","120.34","115.62","20.36M","2.28%"
"12/20/2022","117.09","113.26","117.33","112.46","28.66M","2.28%"
"12/19/2022","114.48","116.83","117.80","114.33","29.46M","-4.14%"
"12/16/2022","119.43","120.23","123.31","118.82","67.06M","2.82%"
"12/15/2022","116.15","118.33","118.63","114.01","34.47M","-4.47%"
"12/14/2022","121.59","119.39","124.14","119.39","36.66M","1.20%"
"12/13/2022","120.15","122.13","123.30","118.64","44.27M","4.74%"
"12/12/2022","114.71","115.18","115.72","113.14","23.38M","-1.03%"
"12/09/2022","115.90","115.30","117.54","113.87","26.03M","0.49%"
"12/08/2022","115.33","116.39","117.34","114.59","29.51M","1.23%"
"12/07/2022","113.93","113.76","115.88","112.88","28.58M","-0.17%"
"12/06/2022","114.12","119.91","120.55","113.74","43.69M","-6.79%"
"12/05/2022","122.43","121.75","124.67","121.35","35.40M","-0.86%"
"12/02/2022","123.49","117.83","124.04","117.61","39.95M","2.53%"
"12/01/2022","120.44","119.20","121.20","118.40","36.49M","1.98%"
"11/30/2022","118.10","109.50","118.16","109.38","43.15M","7.89%"
"11/29/2022","109.46","109.54","110.94","108.54","23.90M","0.63%"
"11/28/2022","108.78","110.78","112.04","108.38","23.30M","-2.36%"
"11/25/2022","111.41","111.30","112.73","111.02","12.01M","-0.74%"
"11/23/2022","112.24","111.72","112.67","110.73","21.34M","0.72%"
"11/22/2022","111.44","109.86","111.62","108.32","29.03M","1.44%"
"11/21/2022","109.86","111.52","112.37","109.19","24.35M","-1.95%"
"11/18/2022","112.05","113.80","114.32","110.62","33.36M","0.54%"
"11/17/2022","111.45","110.41","112.33","109.80","35.09M","-1.57%"
"11/16/2022","113.23","114.50","116.07","112.66","32.44M","-3.29%"
"11/15/2022","117.08","116.07","118.74","114.41","50.55M","2.50%"
"11/14/2022","114.22","110.99","116.27","110.80","53.15M","1.06%"
"11/11/2022","113.02","109.23","114.90","108.81","59.04M","1.03%"
"11/10/2022","111.87","107.12","112.75","104.61","80.67M","10.25%"
"11/09/2022","101.47","101.72","104.90","100.74","107.68M","5.18%"
"11/08/2022","96.47","95.92","97.80","94.79","51.44M","-0.26%"
"11/07/2022","96.72","94.78","96.88","93.10","81.99M","6.53%"
"11/04/2022","90.79","90.35","91.39","88.09","55.64M","2.11%"
"11/03/2022","88.91","90.08","90.46","88.41","59.77M","-1.80%"
"11/02/2022","90.54","94.21","95.20","90.48","71.18M","-4.89%"
"11/01/2022","95.20","94.33","97.49","93.55","109.62M","2.19%"
"10/31/2022","93.16","98.22","99.32","92.60","120.76M","-6.09%"
"10/28/2022","99.20","99.58","100.85","97.51","94.78M","1.29%"
"10/27/2022","97.94","97.97","102.50","96.38","230.41M","-24.56%"
"10/26/2022","129.82","131.68","135.55","128.53","89.29M","-5.59%"
"10/25/2022","137.51","130.88","138.35","130.59","37.73M","6.01%"
"10/24/2022","129.72","127.25","133.48","124.57","63.43M","-0.22%"
"10/21/2022","130.01","126.31","130.12","125.44","46.15M","-1.16%"
"10/20/2022","131.53","132.93","136.77","131.31","26.36M","-1.28%"
"10/19/2022","133.23","132.89","137.00","132.22","30.69M","0.32%"
"10/18/2022","132.80","137.09","137.84","131.40","25.28M","-0.93%"
"10/17/2022","134.04","130.30","134.79","130.18","29.46M","5.74%"
"10/14/2022","126.76","131.00","131.79","126.52","23.56M","-2.71%"
"10/13/2022","130.29","123.53","131.14","122.53","34.33M","2.19%"
"10/12/2022","127.50","128.32","129.67","126.25","34.61M","-0.81%"
"10/11/2022","128.54","131.62","132.66","126.99","37.65M","-3.92%"
"10/10/2022","133.79","133.55","136.11","131.87","23.84M","0.25%"
"10/07/2022","133.45","136.76","138.29","132.44","33.21M","-4.04%"
"10/06/2022","139.07","137.71","141.45","136.60","36.23M","0.06%"
"10/05/2022","138.98","138.24","140.21","134.78","27.90M","-0.93%"
"10/04/2022","140.28","140.49","142.39","139.34","34.54M","1.20%"
"10/03/2022","138.61","137.14","139.62","136.10","27.72M","2.16%"
"09/30/2022","135.68","136.05","140.99","135.50","33.17M","-0.54%"
"09/29/2022","136.41","139.36","139.84","135.20","38.99M","-3.67%"
"09/28/2022","141.61","134.62","142.03","134.27","32.66M","5.36%"
"09/27/2022","134.40","137.92","139.42","134.12","30.55M","-1.44%"
"09/26/2022","136.37","140.12","142.24","136.19","30.50M","-2.88%"
"09/23/2022","140.41","141.42","142.62","138.89","31.71M","-1.69%"
"09/22/2022","142.82","141.55","144.58","140.87","34.42M","0.49%"
"09/21/2022","142.12","146.39","149.60","142.00","38.01M","-2.72%"
"09/20/2022","146.09","145.77","148.84","145.22","23.13M","-1.30%"
"09/19/2022","148.02","145.24","148.58","145.10","22.17M","1.18%"
"09/16/2022","146.29","148.05","148.58","144.29","39.98M","-2.18%"
"09/15/2022","149.55","149.80","154.20","148.70","34.39M","-1.27%"
"09/14/2022","151.47","153.33","153.54","149.05","42.82M","-1.08%"
"09/13/2022","153.13","161.54","161.63","152.67","44.23M","-9.37%"
"09/12/2022","168.96","167.39","171.39","167.28","23.22M","-0.11%"
"09/09/2022","169.15","163.25","169.54","163.02","22.07M","4.37%"
"09/08/2022","162.06","158.71","162.23","157.74","22.26M","1.04%"
"09/07/2022","160.39","157.76","160.96","156.81","16.78M","1.17%"
"09/06/2022","158.54","160.10","161.69","157.69","19.28M","-1.11%"
"09/02/2022","160.32","167.45","167.93","159.22","22.63M","-3.05%"
"09/01/2022","165.36","163.58","167.36","160.35","30.15M","1.49%"
"08/31/2022","162.93","167.07","167.84","162.14","40.75M","3.67%"
"08/30/2022","157.16","160.35","161.66","155.91","19.42M","-1.26%"
"08/29/2022","159.17","160.65","163.05","159.01","20.05M","-1.61%"
"08/26/2022","161.78","168.48","170.92","161.67","24.02M","-4.15%"
"08/25/2022","168.78","165.18","168.88","164.02","15.46M","3.38%"
"08/24/2022","163.26","160.60","165.46","159.77","20.80M","1.33%"
"08/23/2022","161.11","162.48","165.05","160.70","18.11M","-1.19%"
"08/22/2022","163.05","165.49","165.49","162.26","19.50M","-2.92%"
"08/19/2022","167.96","170.20","172.32","167.05","26.24M","-3.84%"
"08/18/2022","174.66","174.34","175.76","171.86","18.76M","-0.11%"
"08/17/2022","174.85","176.76","178.14","174.17","20.12M","-2.57%"
"08/16/2022","179.47","179.44","180.99","177.04","21.16M","-0.79%"
"08/15/2022","180.89","178.96","181.44","178.20","15.88M","0.22%"
"08/12/2022","180.50","180.81","181.46","178.91","21.16M","1.70%"
"08/11/2022","177.49","179.71","183.10","176.37","23.99M","-0.48%"
"08/10/2022","178.34","175.99","180.48","173.95","30.08M","5.82%"
"08/09/2022","168.53","168.95","169.53","166.60","18.66M","-1.01%"
"08/08/2022","170.25","168.00","177.51","167.13","27.22M","1.88%"
"08/05/2022","167.11","166.99","171.61","165.80","25.77M","-2.03%"
"08/04/2022","170.57","168.29","172.15","166.80","23.79M","1.05%"
"08/03/2022","168.80","162.69","169.54","161.57","31.72M","5.37%"
"08/02/2022","160.19","158.31","162.24","158.01","27.37M","0.16%"
"08/01/2022","159.93","157.25","165.19","155.23","40.60M","0.52%"
"07/29/2022","159.10","157.69","160.14","155.17","41.91M","-1.01%"
"07/28/2022","160.72","161.06","161.51","154.85","72.59M","-5.22%"
"07/27/2022","169.58","162.59","170.87","162.02","39.18M","6.55%"
"07/26/2022","159.15","165.94","166.00","157.95","26.57M","-4.50%"
"07/25/2022","166.65","169.00","170.57","164.80","26.17M","-1.55%"
"07/22/2022","169.27","173.07","175.60","168.41","41.93M","-7.59%"
"07/21/2022","183.17","180.63","183.85","178.87","26.09M","0.04%"
"07/20/2022","183.09","177.49","183.60","176.70","24.52M","4.16%"
"07/19/2022","175.78","170.37","176.49","169.51","25.76M","5.11%"
"07/18/2022","167.23","166.75","171.68","165.64","23.57M","1.54%"
"07/15/2022","164.70","160.54","164.98","159.82","22.49M","4.21%"
"07/14/2022","158.05","161.22","162.59","157.28","23.52M","-3.33%"
"07/13/2022","163.49","160.16","164.98","159.61","16.51M","0.13%"
"07/12/2022","163.27","164.80","165.91","162.10","16.58M","0.24%"
"07/11/2022","162.88","167.07","167.49","161.91","21.91M","-4.68%"
"07/08/2022","170.88","169.98","172.40","168.15","19.16M","-0.76%"
"07/07/2022","172.19","169.45","172.72","167.78","23.89M","1.43%"
"07/06/2022","169.77","168.20","171.59","165.46","23.04M","0.94%"
"07/05/2022","168.19","158.14","168.25","157.02","28.55M","5.10%"
"07/01/2022","160.03","160.31","160.62","155.00","31.42M","-0.76%"
"06/30/2022","161.25","162.15","165.23","158.49","34.98M","-1.64%"
"06/29/2022","163.94","163.57","166.33","160.32","28.53M","2.03%"
"06/28/2022","160.68","169.90","171.30","160.61","27.67M","-5.20%"
"06/27/2022","169.49","171.32","171.75","168.01","29.17M","-0.39%"
"06/24/2022","170.16","161.73","170.25","161.30","61.35M","7.19%"
"06/23/2022","158.75","156.27","159.75","154.25","40.34M","1.86%"
"06/22/2022","155.85","158.38","160.79","155.44","47.06M","-0.76%"
"06/21/2022","157.05","165.93","167.76","155.97","50.48M","-4.09%"
"06/17/2022","163.74","161.68","165.90","159.90","31.37M","1.78%"
"06/16/2022","160.87","163.72","165.08","159.61","26.63M","-5.01%"
"06/15/2022","169.35","167.20","172.16","163.98","29.81M","3.43%"
"06/14/2022","163.73","166.03","166.75","161.36","26.77M","-0.32%"
"06/13/2022","164.26","170.59","172.57","164.03","31.56M","-6.44%"
"06/10/2022","175.57","183.04","183.10","175.02","25.51M","-4.58%"
"06/09/2022","184.00","194.28","199.45","183.68","23.30M","-6.43%"
"06/08/2022","196.64","194.67","202.03","194.41","22.27M","0.51%"
"06/07/2022","195.65","191.93","196.53","191.49","18.76M","0.72%"
"06/06/2022","194.25","193.99","196.92","188.40","30.57M","1.82%"
"06/03/2022","190.78","195.98","196.61","189.78","19.46M","-4.06%"
"06/02/2022","198.86","188.45","200.93","187.73","31.49M","5.42%"
"06/01/2022","188.64","196.51","199.53","185.00","36.27M","-2.58%"
"05/31/2022","193.64","194.88","197.60","192.01","25.92M","-0.76%"
"05/27/2022","195.13","191.36","195.33","189.80","22.56M","1.83%"
"05/26/2022","191.63","182.88","192.83","182.26","23.06M","4.24%"
"05/25/2022","183.83","180.40","185.45","179.32","27.56M","1.41%"
"05/24/2022","181.28","180.55","183.68","176.11","50.24M","-7.62%"
"05/23/2022","196.23","195.19","196.99","191.24","22.76M","1.39%"
"05/20/2022","193.54","194.97","197.91","187.87","31.47M","1.18%"
"05/19/2022","191.29","191.20","195.29","189.60","24.45M","-0.49%"
"05/18/2022","192.24","200.00","201.00","191.63","23.81M","-5.12%"
"05/17/2022","202.62","202.12","205.46","198.36","24.87M","1.29%"
"05/16/2022","200.04","197.05","205.37","195.93","27.11M","0.71%"
"05/13/2022","198.62","192.58","199.89","191.28","24.55M","3.86%"
"05/12/2022","191.24","187.06","198.05","184.78","38.26M","1.32%"
"05/11/2022","188.74","196.32","200.67","188.27","31.15M","-4.51%"
"05/10/2022","197.65","199.51","202.96","194.19","34.45M","0.73%"
"05/09/2022","196.21","199.84","202.57","195.58","36.30M","-3.71%"
"05/06/2022","203.77","207.34","209.38","201.02","34.75M","-2.17%"
"05/05/2022","208.28","218.74","220.17","206.16","41.13M","-6.77%"
"05/04/2022","223.41","210.65","224.30","206.96","41.38M","5.37%"
"05/03/2022","212.03","210.45","214.90","208.09","41.56M","0.43%"
"05/02/2022","211.13","201.16","211.88","200.99","49.92M","5.32%"
"04/29/2022","200.47","204.46","212.48","199.90","49.19M","-2.56%"
"04/28/2022","205.73","202.92","208.53","192.90","100.89M","17.59%"
"04/27/2022","174.95","174.43","181.21","169.00","71.06M","-3.32%"
"04/26/2022","180.95","186.63","187.19","179.50","31.75M","-3.23%"
"04/25/2022","186.99","182.73","187.18","181.66","29.28M","1.56%"
"04/22/2022","184.11","190.37","192.72","183.27","36.43M","-2.11%"
"04/21/2022","188.07","201.60","202.97","185.58","49.95M","-6.16%"
"04/20/2022","200.42","213.60","214.16","198.92","43.04M","-7.77%"
"04/19/2022","217.31","210.52","218.43","209.00","20.09M","3.10%"
"04/18/2022","210.77","210.00","213.38","208.30","16.58M","0.28%"
"04/14/2022","210.18","214.89","214.99","210.00","18.38M","-2.24%"
"04/13/2022","214.99","211.82","216.61","211.33","19.23M","0.40%"
"04/12/2022","214.14","220.24","222.03","213.13","20.13M","-1.07%"
"04/11/2022","216.46","218.42","220.61","215.22","20.52M","-2.64%"
"04/08/2022","222.33","222.38","225.13","220.03","18.38M","-0.28%"
"04/07/2022","222.95","223.93","225.52","218.56","21.04M","-0.16%"
"04/06/2022","223.30","226.91","228.99","221.41","29.00M","-3.68%"
"04/05/2022","231.84","234.08","236.86","231.02","29.73M","-0.88%"
"04/04/2022","233.89","225.98","234.35","225.86","28.10M","4.02%"
"04/01/2022","224.85","224.55","227.28","222.70","19.54M","1.12%"
"03/31/2022","222.36","228.45","228.49","222.26","24.19M","-2.41%"
"03/30/2022","227.85","228.91","231.15","226.71","25.59M","-0.87%"
"03/29/2022","229.86","226.07","230.89","225.29","31.42M","2.80%"
"03/28/2022","223.59","222.13","224.04","219.54","26.22M","0.80%"
"03/25/2022","221.82","220.51","225.50","218.89","40.04M","1.02%"
"03/24/2022","219.57","215.00","220.67","214.79","31.50M","2.86%"
"03/23/2022","213.46","213.33","216.80","212.16","23.72M","-1.47%"
"03/22/2022","216.65","211.37","219.46","210.18","32.00M","2.44%"
"03/21/2022","211.49","214.50","214.71","207.63","30.14M","-2.31%"
"03/18/2022","216.49","206.70","216.80","206.00","52.13M","4.16%"
"03/17/2022","207.84","201.70","208.04","201.11","29.50M","2.07%"
"03/16/2022","203.63","194.70","203.73","194.52","40.64M","6.04%"
"03/15/2022","192.03","190.80","192.28","185.91","31.72M","2.89%"
"03/14/2022","186.63","187.03","192.29","185.82","31.01M","-0.52%"
"03/11/2022","187.61","192.63","193.56","186.67","34.69M","-3.89%"
"03/10/2022","195.21","194.84","196.28","191.07","24.85M","-1.66%"
"03/09/2022","198.50","195.74","199.10","193.92","31.89M","4.31%"
"03/08/2022","190.29","187.85","196.70","186.11","37.51M","1.50%"
"03/07/2022","187.47","200.79","200.89","187.28","38.56M","-6.29%"
"03/04/2022","200.06","202.37","205.89","198.79","32.15M","-1.43%"
"03/03/2022","202.97","209.01","209.08","201.42","27.26M","-2.47%"
"03/02/2022","208.11","204.78","209.15","202.02","29.45M","2.27%"
"03/01/2022","203.49","209.87","211.75","202.22","27.09M","-3.57%"
"02/28/2022","211.03","207.68","213.15","206.83","34.24M","0.26%"
"02/25/2022","210.48","204.94","211.32","203.18","37.63M","1.39%"
"02/24/2022","207.60","191.06","208.35","190.22","49.96M","4.61%"
"02/23/2022","198.45","204.16","206.94","198.05","44.48M","-1.80%"
"02/22/2022","202.08","202.34","207.48","200.06","39.85M","-1.98%"
"02/18/2022","206.16","209.39","210.75","205.18","37.13M","-0.75%"
"02/17/2022","207.71","214.02","217.50","207.16","38.75M","-4.08%"
"02/16/2022","216.54","212.41","217.46","212.36","45.82M","-2.02%"
"02/15/2022","221.00","220.47","221.15","215.06","42.69M","1.52%"
"02/14/2022","217.70","219.31","221.00","214.78","38.18M","-0.84%"
"02/11/2022","219.55","228.46","230.42","218.77","46.16M","-3.74%"
"02/10/2022","228.07","228.27","235.00","226.70","49.31M","-1.69%"
"02/09/2022","232.00","224.20","233.37","222.21","86.56M","5.37%"
"02/08/2022","220.18","220.85","225.77","216.15","94.73M","-2.10%"
"02/07/2022","224.91","237.70","238.30","224.01","88.61M","-5.14%"
"02/04/2022","237.09","234.97","242.61","230.11","89.34M","-0.28%"
"02/03/2022","237.76","244.65","248.00","235.75","188.12M","-26.39%"
"02/02/2022","323.00","327.82","328.00","316.87","58.46M","1.25%"
"02/01/2022","319.00","314.56","319.66","312.12","18.02M","1.83%"
"01/31/2022","313.26","300.68","313.79","299.32","21.58M","3.83%"
"01/28/2022","301.71","295.62","301.90","293.03","21.87M","2.40%"
"01/27/2022","294.64","297.75","301.71","294.26","21.63M","0.00%"
"01/26/2022","294.63","307.01","307.51","290.85","28.35M","-1.84%"
"01/25/2022","300.15","299.95","306.23","297.58","25.11M","-2.77%"
"01/24/2022","308.71","297.84","309.53","289.01","38.94M","1.83%"
"01/21/2022","303.17","314.81","318.31","303.04","28.71M","-4.23%"
"01/20/2022","316.56","323.90","327.82","315.98","16.93M","-0.95%"
"01/19/2022","319.59","319.58","327.10","319.33","20.81M","0.45%"
"01/18/2022","318.15","323.29","324.21","317.64","22.68M","-4.14%"
"01/14/2022","331.90","321.79","332.73","321.21","16.87M","1.66%"
"01/13/2022","326.48","334.98","335.63","325.76","14.80M","-2.03%"
"01/12/2022","333.26","335.18","336.37","330.03","14.10M","-0.33%"
"01/11/2022","334.37","326.78","334.63","325.28","16.23M","1.92%"
"01/10/2022","328.07","325.31","328.34","315.43","24.94M","-1.12%"
"01/07/2022","331.79","332.74","337.00","328.88","14.72M","-0.20%"
"01/06/2022","332.46","322.82","339.17","322.72","27.96M","2.56%"
"01/05/2022","324.17","333.02","335.76","323.84","20.56M","-3.67%"
"01/04/2022","336.53","339.95","343.09","331.87","16.00M","-0.59%"
"01/03/2022","338.54","338.30","341.08","337.19","14.56M","0.65%"
"12/31/2021","336.35","343.01","343.44","336.27","12.87M","-2.33%"
"12/30/2021","344.36","344.00","347.23","343.22","10.59M","0.41%"
"12/29/2021","342.94","346.91","349.69","341.64","10.75M","-0.95%"
"12/28/2021","346.22","346.63","352.71","345.20","16.64M","0.01%"
"12/27/2021","346.18","338.85","347.87","338.01","17.80M","3.26%"
"12/23/2021","335.24","330.10","336.67","328.36","13.99M","1.45%"
"12/22/2021","330.45","333.80","334.51","328.26","16.76M","-1.12%"
"12/21/2021","334.20","326.41","336.00","323.75","16.12M","2.69%"
"12/20/2021","325.45","329.77","329.90","322.53","17.90M","-2.50%"
"12/17/2021","333.79","332.80","337.11","330.75","40.01M","-0.33%"
"12/16/2021","334.90","338.98","344.46","333.74","22.64M","-1.98%"
"12/15/2021","341.66","332.49","342.11","323.98","24.68M","2.37%"
"12/14/2021","333.74","328.05","335.70","327.65","20.46M","-0.22%"
"12/13/2021","334.49","330.95","341.09","329.59","22.95M","1.44%"
"12/10/2021","329.75","332.56","335.03","326.37","14.53M","-0.02%"
"12/09/2021","329.82","329.54","336.13","328.00","16.88M","-0.22%"
"12/08/2021","330.56","325.00","332.75","323.07","19.94M","2.40%"
"12/07/2021","322.81","321.57","326.54","321.00","18.79M","1.55%"
"12/06/2021","317.87","308.13","320.10","306.34","21.76M","3.59%"
"12/03/2021","306.84","313.73","313.75","299.50","27.47M","-1.14%"
"12/02/2021","310.39","311.40","314.60","307.20","24.40M","-0.07%"
"12/01/2021","310.60","330.29","330.50","310.29","30.38M","-4.27%"
"11/30/2021","324.46","335.00","335.81","323.43","25.39M","-4.01%"
"11/29/2021","338.03","336.89","340.67","335.31","16.65M","1.47%"
"11/26/2021","333.12","335.80","337.75","331.90","14.75M","-2.33%"
"11/24/2021","341.06","336.00","341.78","332.81","13.57M","1.13%"
"11/23/2021","337.25","338.93","341.40","333.50","17.22M","-1.10%"
"11/22/2021","341.01","349.05","353.83","340.51","27.12M","-1.24%"
"11/19/2021","345.30","342.20","352.10","339.90","26.49M","1.95%"
"11/18/2021","338.69","339.72","342.46","335.30","17.49M","-0.61%"
"11/17/2021","340.77","344.24","347.30","340.10","13.60M","-0.64%"
"11/16/2021","342.96","343.83","346.65","340.87","18.18M","-1.32%"
"11/15/2021","347.56","344.34","353.65","343.20","25.08M","1.96%"
"11/12/2021","340.89","330.18","341.86","329.78","25.41M","4.01%"
"11/11/2021","327.74","329.82","332.46","327.00","12.38M","0.03%"
"11/10/2021","327.64","332.49","333.19","325.51","21.87M","-2.30%"
"11/09/2021","335.37","340.00","341.31","334.47","17.56M","-0.96%"
"11/08/2021","338.62","344.42","344.79","338.34","18.34M","-0.74%"
"11/05/2021","341.13","340.31","346.79","339.64","26.87M","1.57%"
"11/04/2021","335.85","334.01","337.27","332.65","22.50M","1.28%"
"11/03/2021","331.62","327.49","332.15","323.20","20.79M","1.08%"
"11/02/2021","328.08","331.38","334.79","323.80","28.35M","-0.58%"
"11/01/2021","329.98","326.04","333.45","326.00","31.52M","1.98%"
"10/29/2021","323.57","320.19","326.00","319.60","37.06M","2.10%"
"10/28/2021","316.92","312.99","325.52","308.11","50.81M","1.51%"
"10/27/2021","312.22","314.19","319.25","312.06","29.97M","-1.14%"
"10/26/2021","315.81","328.26","330.21","309.60","65.65M","-3.92%"
"10/25/2021","328.69","320.30","329.56","319.72","38.41M","1.26%"
"10/22/2021","324.61","326.35","329.63","321.11","35.22M","-5.05%"
"10/21/2021","341.88","340.27","342.31","337.80","16.35M","0.32%"
"10/20/2021","340.78","343.44","343.98","339.45","13.64M","0.23%"
"10/19/2021","339.99","339.64","342.46","337.28","18.79M","1.39%"
"10/18/2021","335.34","328.95","335.89","327.50","21.59M","3.26%"
"10/15/2021","324.76","328.68","329.07","322.51","21.60M","-1.15%"
"10/14/2021","328.53","328.36","330.52","327.10","14.30M","1.23%"
"10/13/2021","324.54","326.97","327.00","322.66","14.76M","0.24%"
"10/12/2021","323.77","323.03","324.38","317.37","31.66M","-0.52%"
"10/11/2021","325.45","327.62","330.46","325.31","14.71M","-1.39%"
"10/08/2021","330.05","331.51","333.40","328.71","15.95M","0.25%"
"10/07/2021","329.22","337.00","338.84","328.98","28.31M","-1.32%"
"10/06/2021","333.64","329.74","334.38","325.80","26.44M","0.20%"
"10/05/2021","332.96","328.58","335.18","326.16","35.38M","2.06%"
"10/04/2021","326.23","335.53","335.94","322.70","42.88M","-4.89%"
"10/01/2021","343.01","341.61","345.02","338.64","14.91M","1.07%"
"09/30/2021","339.39","340.44","342.80","338.15","16.55M","-0.06%"
"09/29/2021","339.61","343.15","345.23","338.88","14.45M","-0.31%"
"09/28/2021","340.65","347.97","349.60","338.92","21.71M","-3.66%"
"09/27/2021","353.58","349.81","355.15","347.08","15.21M","0.18%"
"09/24/2021","352.96","343.24","354.35","342.37","18.80M","2.02%"
"09/23/2021","345.96","345.36","349.67","343.00","21.81M","0.80%"
"09/22/2021","343.21","347.23","349.84","340.69","43.69M","-3.99%"
"09/21/2021","357.48","358.50","360.04","355.19","11.75M","0.50%"
"09/20/2021","355.70","359.30","361.03","349.80","19.82M","-2.47%"
"09/17/2021","364.72","371.40","371.41","361.59","26.30M","-2.24%"
"09/16/2021","373.06","372.79","373.56","369.71","11.93M","-0.23%"
"09/15/2021","373.92","377.00","377.56","367.67","17.94M","-0.69%"
"09/14/2021","376.53","377.40","378.59","375.11","8.71M","0.01%"
"09/13/2021","376.51","381.68","381.75","374.35","13.03M","-0.58%"
"09/10/2021","378.69","381.36","383.79","378.26","11.55M","0.18%"
"09/09/2021","378.00","377.64","379.83","376.56","9.10M","0.11%"
"09/08/2021","377.57","380.16","380.87","374.79","11.07M","-1.21%"
"09/07/2021","382.18","375.88","382.96","373.15","10.80M","1.57%"
"09/03/2021","376.26","374.75","377.16","373.11","7.51M","0.26%"
"09/02/2021","375.28","381.50","381.75","374.06","14.84M","-1.77%"
"09/01/2021","382.05","379.59","384.33","378.81","11.57M","0.70%"
"08/31/2021","379.38","379.95","382.76","378.80","12.35M","-0.34%"
"08/30/2021","380.66","372.56","381.49","370.52","13.55M","2.15%"
"08/27/2021","372.63","365.10","373.74","364.08","11.22M","2.26%"
"08/26/2021","364.38","368.38","369.44","364.13","7.89M","-1.09%"
"08/25/2021","368.39","365.60","370.86","365.40","9.68M","0.79%"
"08/24/2021","365.51","363.66","367.96","361.84","9.24M","0.59%"
"08/23/2021","363.35","359.44","365.69","359.10","10.94M","1.11%"
"08/20/2021","359.37","354.60","359.99","353.31","8.70M","1.20%"
"08/19/2021","355.12","351.35","357.57","351.00","12.00M","-0.09%"
"08/18/2021","355.45","356.25","359.86","355.15","10.04M","-0.84%"
"08/17/2021","358.45","362.98","364.67","355.07","12.33M","-2.21%"
"08/16/2021","366.56","362.52","366.95","357.38","11.23M","0.93%"
"08/13/2021","363.18","362.97","364.66","361.48","7.20M","0.15%"
"08/12/2021","362.65","358.45","363.00","357.11","7.18M","0.75%"
"08/11/2021","359.96","362.10","362.36","357.81","8.40M","-0.32%"
"08/10/2021","361.13","361.82","364.10","359.04","7.47M","-0.13%"
"08/09/2021","361.61","363.76","365.77","360.75","7.80M","-0.52%"
"08/06/2021","363.51","361.40","365.15","361.39","8.93M","0.15%"
"08/05/2021","362.97","359.64","363.90","356.90","10.25M","1.13%"
"08/04/2021","358.92","352.42","360.48","351.51","14.18M","2.19%"
"08/03/2021","351.24","352.73","353.77","347.70","12.41M","-0.20%"
"08/02/2021","351.95","358.10","359.40","350.74","13.18M","-1.22%"
"07/30/2021","356.30","354.00","360.73","352.94","15.98M","-0.56%"
"07/29/2021","358.32","361.00","365.52","356.74","33.41M","-4.01%"
"07/28/2021","373.28","374.56","377.55","366.93","29.68M","1.49%"
"07/27/2021","367.81","371.91","373.15","364.55","15.71M","-1.25%"
"07/26/2021","372.46","369.58","374.44","368.22","14.93M","0.72%"
"07/23/2021","369.79","360.91","375.33","357.19","33.69M","5.30%"
"07/22/2021","351.19","346.68","351.54","345.21","12.39M","1.43%"
"07/21/2021","346.23","341.50","346.52","341.25","9.28M","1.34%"
"07/20/2021","341.66","338.80","343.45","334.50","11.02M","1.40%"
"07/19/2021","336.95","337.57","339.79","334.54","14.37M","-1.23%"
"07/16/2021","341.16","344.91","345.99","340.14","11.03M","-0.96%"
"07/15/2021","344.46","349.23","349.23","340.22","14.78M","-0.91%"
"07/14/2021","347.63","354.56","355.20","346.73","13.89M","-1.27%"
"07/13/2021","352.09","351.50","358.49","348.80","11.46M","-0.30%"
"07/12/2021","353.16","351.23","354.19","349.64","10.02M","0.78%"
"07/09/2021","350.42","345.32","350.71","345.26","13.02M","1.38%"
"07/08/2021","345.65","345.73","348.33","342.56","14.41M","-1.38%"
"07/07/2021","350.49","355.26","356.49","350.00","14.22M","-0.65%"
"07/06/2021","352.78","356.50","358.79","349.18","13.49M","-0.54%"
"07/02/2021","354.70","355.10","356.44","352.62","11.52M","0.09%"
"07/01/2021","354.39","346.82","354.67","346.50","17.14M","1.92%"
"06/30/2021","347.71","352.17","352.92","347.17","15.11M","-1.19%"
"06/29/2021","351.89","356.27","356.74","349.05","21.42M","-1.05%"
"06/28/2021","355.64","342.46","358.14","341.77","29.16M","4.18%"
"06/25/2021","341.37","342.59","344.12","339.68","14.59M","-0.53%"
"06/24/2021","343.18","341.85","344.90","341.79","12.33M","0.76%"
"06/23/2021","340.59","339.35","343.42","338.20","14.82M","0.46%"
"06/22/2021","339.03","332.69","339.92","332.60","15.35M","2.03%"
"06/21/2021","332.29","331.09","332.92","327.65","11.34M","0.80%"
"06/18/2021","329.66","334.53","336.15","329.00","23.04M","-2.04%"
"06/17/2021","336.51","330.49","337.98","330.15","17.79M","1.64%"
"06/16/2021","331.08","336.69","337.55","328.72","17.23M","-1.68%"
"06/15/2021","336.75","336.99","339.92","335.03","15.80M","-0.01%"
"06/14/2021","336.77","331.90","336.82","329.81","12.25M","1.66%"
"06/11/2021","331.26","332.58","332.83","328.93","13.59M","-0.36%"
"06/10/2021","332.46","330.79","333.94","328.55","13.24M","0.67%"
"06/09/2021","330.25","335.74","336.80","330.00","13.73M","-1.03%"
"06/08/2021","333.68","336.70","338.30","332.24","14.58M","-0.86%"
"06/07/2021","336.58","329.48","337.69","328.93","20.14M","1.89%"
"06/04/2021","330.35","325.90","332.45","325.18","13.29M","1.32%"
"06/03/2021","326.04","325.78","327.38","323.48","12.61M","-0.94%"
"06/02/2021","329.15","330.38","331.87","327.12","11.65M","0.01%"
"06/01/2021","329.13","330.15","331.42","326.64","11.77M","0.12%"
"05/28/2021","328.73","331.00","332.87","328.33","12.04M","-1.21%"
"05/27/2021","332.75","328.00","333.78","326.76","20.48M","1.55%"
"05/26/2021","327.66","328.35","329.83","325.82","9.69M","-0.04%"
"05/25/2021","327.79","327.08","329.18","324.80","16.44M","0.97%"
"05/24/2021","324.63","318.21","325.95","318.03","16.45M","2.66%"
"05/21/2021","316.23","319.29","319.93","315.81","13.60M","-0.75%"
"05/20/2021","318.61","313.58","319.25","313.16","17.32M","1.60%"
"05/19/2021","313.59","304.19","314.66","303.57","19.11M","1.17%"
"05/18/2021","309.96","315.59","316.50","309.81","14.52M","-1.74%"
"05/17/2021","315.46","313.55","315.68","311.58","15.40M","-0.15%"
"05/14/2021","315.94","309.54","316.85","309.08","19.25M","3.50%"
"05/13/2021","305.26","306.08","308.86","302.77","18.08M","0.90%"
"05/12/2021","302.55","301.13","304.96","298.19","24.64M","-1.30%"
"05/11/2021","306.53","300.75","306.84","299.69","18.92M","0.18%"
"05/10/2021","305.97","314.35","314.58","304.83","24.24M","-4.11%"
"05/07/2021","319.08","322.38","322.94","318.75","15.92M","-0.29%"
"05/06/2021","320.02","314.52","320.24","313.27","19.01M","1.59%"
"05/05/2021","315.02","318.19","321.06","314.49","15.58M","-1.05%"
"05/04/2021","318.36","320.02","322.19","313.12","24.03M","-1.31%"
"05/03/2021","322.58","326.17","328.55","321.84","18.72M","-0.77%"
"04/30/2021","325.08","326.14","329.82","324.50","26.33M","-1.34%"
"04/29/2021","329.51","330.12","331.81","321.61","56.53M","7.30%"
"04/28/2021","307.10","307.36","310.92","305.37","33.91M","1.16%"
"04/27/2021","303.57","304.28","305.34","301.11","15.31M","0.17%"
"04/26/2021","303.04","303.34","305.80","301.56","16.17M","0.63%"
"04/23/2021","301.13","298.76","302.59","297.15","17.56M","1.55%"
"04/22/2021","296.52","301.33","302.92","296.04","16.38M","-1.64%"
"04/21/2021","301.47","301.94","301.98","297.39","14.86M","-0.39%"
"04/20/2021","302.65","301.99","305.10","297.21","16.80M","0.14%"
"04/19/2021","302.24","305.01","307.70","300.56","14.55M","-1.29%"
"04/16/2021","306.18","308.17","308.95","304.61","13.06M","-0.53%"
"04/15/2021","307.82","306.34","310.14","304.10","14.56M","1.65%"
"04/14/2021","302.82","307.30","308.03","301.95","17.42M","-2.24%"
"04/13/2021","309.76","312.21","314.43","309.32","14.04M","-0.57%"
"04/12/2021","311.54","311.05","312.15","307.93","10.88M","-0.29%"
"04/09/2021","312.46","311.40","314.74","310.33","15.99M","-0.18%"
"04/08/2021","313.02","314.85","315.88","310.05","20.89M","-0.02%"
"04/07/2021","313.09","306.34","314.25","305.50","22.86M","2.23%"
"04/06/2021","306.26","308.84","311.35","305.25","17.34M","-0.86%"
"04/05/2021","308.91","300.89","310.76","300.68","28.24M","3.43%"
"04/01/2021","298.66","298.40","302.40","296.60","17.62M","1.40%"
"03/31/2021","294.53","289.99","296.50","288.61","19.50M","2.27%"
"03/30/2021","288.00","289.83","292.47","286.70","17.47M","-0.97%"
"03/29/2021","290.82","285.77","293.18","284.70","21.72M","2.76%"
"03/26/2021","283.02","278.30","284.50","277.77","17.63M","1.54%"
"03/25/2021","278.74","280.98","288.06","277.75","24.51M","-1.21%"
"03/24/2021","282.14","291.00","291.72","281.16","18.68M","-2.92%"
"03/23/2021","290.63","293.15","298.00","289.81","23.00M","-0.99%"
"03/22/2021","293.54","290.45","299.70","286.75","28.27M","1.18%"
"03/19/2021","290.11","281.22","292.80","281.19","38.93M","4.12%"
"03/18/2021","278.62","279.87","285.19","278.28","18.75M","-1.90%"
"03/17/2021","284.01","275.70","286.23","275.41","21.32M","1.69%"
"03/16/2021","279.28","276.08","282.14","274.80","22.44M","2.02%"
"03/15/2021","273.75","269.08","275.96","268.50","16.86M","1.99%"
"03/12/2021","268.40","269.14","269.74","264.02","20.60M","-2.00%"
"03/11/2021","273.88","268.11","277.90","267.82","21.83M","3.39%"
"03/10/2021","264.90","268.64","268.97","262.87","14.21M","-0.32%"
"03/09/2021","265.74","261.18","268.53","259.81","22.04M","4.09%"
"03/08/2021","255.31","265.55","265.58","255.05","18.39M","-3.39%"
"03/05/2021","264.28","260.67","265.45","255.61","26.82M","2.58%"
"03/04/2021","257.64","256.47","266.49","253.50","31.63M","0.87%"
"03/03/2021","255.41","260.29","260.99","255.10","15.51M","-1.39%"
"03/02/2021","259.00","265.78","266.71","258.65","15.19M","-2.23%"
"03/01/2021","264.91","260.82","266.65","257.90","22.16M","2.83%"
"02/26/2021","257.62","256.47","265.55","256.47","26.62M","1.15%"
"02/25/2021","254.69","262.30","266.94","254.04","19.05M","-3.64%"
"02/24/2021","264.31","262.32","266.38","258.39","15.74M","-0.58%"
"02/23/2021","265.86","259.50","267.46","254.96","21.92M","2.12%"
"02/22/2021","260.33","257.95","263.07","257.53","17.43M","-0.47%"
"02/19/2021","261.56","269.86","270.27","260.15","25.62M","-2.91%"
"02/18/2021","269.39","269.56","271.95","266.03","15.25M","-1.53%"
"02/17/2021","273.57","271.24","273.97","269.58","12.76M","-0.15%"
"02/16/2021","273.97","270.80","276.60","270.05","15.42M","1.28%"
"02/12/2021","270.50","270.52","271.18","268.34","9.10M","0.04%"
"02/11/2021","270.39","271.89","273.58","268.49","12.83M","-0.54%"
"02/10/2021","271.87","272.45","273.80","267.72","14.69M","0.90%"
"02/09/2021","269.45","266.44","273.39","265.75","14.61M","1.08%"
"02/08/2021","266.58","268.75","269.86","265.00","13.76M","-0.57%"
"02/05/2021","268.10","266.80","269.17","265.67","12.45M","0.60%"
"02/04/2021","266.49","267.01","268.16","264.00","16.06M","-0.06%"
"02/03/2021","266.65","265.62","269.20","263.84","14.22M","-0.16%"
"02/02/2021","267.08","264.00","268.85","263.27","17.32M","1.94%"
"02/01/2021","262.01","259.52","264.17","254.91","22.91M","1.42%"
"01/29/2021","258.33","265.30","266.56","254.85","30.39M","-2.52%"
"01/28/2021","265.00","277.18","286.79","264.70","37.76M","-2.62%"
"01/27/2021","272.14","282.53","283.45","268.12","35.35M","-3.51%"
"01/26/2021","282.05","278.14","285.39","277.81","19.37M","1.45%"
"01/25/2021","278.01","278.14","280.10","271.51","19.09M","1.28%"
"01/22/2021","274.50","272.01","278.47","272.00","21.95M","0.60%"
"01/21/2021","272.87","269.26","273.60","267.49","20.84M","2.02%"
"01/20/2021","267.48","268.93","270.32","263.60","25.20M","2.44%"
"01/19/2021","261.10","256.90","262.20","252.72","28.03M","3.87%"
"01/15/2021","251.36","247.90","253.86","247.16","24.94M","2.33%"
"01/14/2021","245.64","253.40","255.03","244.61","29.74M","-2.38%"
"01/13/2021","251.64","251.55","253.95","249.20","19.53M","0.22%"
"01/12/2021","251.09","256.63","259.72","250.30","26.45M","-2.24%"
"01/11/2021","256.84","260.48","263.47","255.90","30.41M","-4.01%"
"01/08/2021","267.57","268.31","268.95","263.18","18.53M","-0.44%"
"01/07/2021","268.74","265.90","271.61","264.78","15.79M","2.06%"
"01/06/2021","263.31","262.00","267.75","260.01","24.35M","-2.83%"
"01/05/2021","270.97","268.29","272.40","268.21","9.87M","0.75%"
"01/04/2021","268.94","274.78","275.00","265.20","15.11M","-1.54%"
"12/31/2020","273.16","272.00","277.09","269.81","12.90M","0.47%"
"12/30/2020","271.87","277.95","278.08","271.71","11.80M","-1.77%"
"12/29/2020","276.78","276.95","280.51","276.28","16.38M","-0.08%"
"12/28/2020","277.00","268.74","277.30","265.66","23.30M","3.59%"
"12/24/2020","267.40","268.88","270.40","266.20","6.70M","-0.26%"
"12/23/2020","268.11","266.89","272.17","266.23","14.33M","0.38%"
"12/22/2020","267.09","271.50","271.50","264.63","17.34M","-2.09%"
"12/21/2020","272.79","272.98","274.67","267.79","16.55M","-1.31%"
"12/18/2020","276.40","275.77","278.00","271.14","26.69M","0.70%"
"12/17/2020","274.48","277.07","280.44","273.61","16.38M","-0.43%"
"12/16/2020","275.67","274.76","277.86","272.51","15.88M","0.04%"
"12/15/2020","275.55","274.83","276.08","267.47","23.98M","0.50%"
"12/14/2020","274.19","273.37","277.22","271.56","16.38M","0.23%"
"12/11/2020","273.55","274.53","276.48","270.25","14.39M","-1.29%"
"12/10/2020","277.12","275.54","278.73","271.86","20.07M","-0.29%"
"12/09/2020","277.92","283.66","287.63","271.75","25.19M","-1.93%"
"12/08/2020","283.40","286.01","286.43","281.55","10.75M","-0.76%"
"12/07/2020","285.58","279.19","288.49","278.20","13.01M","2.10%"
"12/04/2020","279.70","280.30","283.46","279.30","10.88M","-0.76%"
"12/03/2020","281.85","286.25","286.65","281.07","12.92M","-1.97%"
"12/02/2020","287.52","285.36","291.78","280.82","17.36M","0.34%"
"12/01/2020","286.55","279.16","289.30","278.96","20.78M","3.46%"
"11/30/2020","276.97","276.03","277.70","271.01","16.69M","-0.30%"
"11/27/2020","277.81","277.39","279.13","274.82","7.81M","0.81%"
"11/25/2020","275.59","278.14","280.18","272.65","12.47M","-0.48%"
"11/24/2020","276.92","268.49","277.82","267.87","16.93M","3.16%"
"11/23/2020","268.43","270.89","270.95","264.53","20.99M","-0.47%"
"11/20/2020","269.70","272.56","273.00","269.41","18.12M","-1.19%"
"11/19/2020","272.94","271.02","273.47","269.19","12.96M","0.36%"
"11/18/2020","271.97","274.52","277.39","271.84","12.15M","-1.10%"
"11/17/2020","275.00","277.68","277.68","273.29","15.04M","-1.42%"
"11/16/2020","278.96","275.05","279.41","274.63","12.97M","0.73%"
"11/13/2020","276.95","277.72","277.76","273.10","10.40M","0.68%"
"11/12/2020","275.08","277.18","279.75","274.43","12.91M","-0.51%"
"11/11/2020","276.48","273.47","278.40","272.48","14.96M","1.49%"
"11/10/2020","272.43","273.10","274.00","264.00","29.07M","-2.27%"
"11/09/2020","278.77","289.87","292.58","278.53","25.12M","-4.99%"
"11/06/2020","293.41","293.95","294.60","288.06","13.89M","-0.43%"
"11/05/2020","294.68","291.90","297.38","288.95","23.82M","2.54%"
"11/04/2020","287.38","281.00","288.94","278.62","35.36M","8.32%"
"11/03/2020","265.30","263.16","270.05","260.88","17.96M","1.51%"
"11/02/2020","261.36","264.60","270.47","257.34","27.17M","-0.67%"
"10/30/2020","263.11","274.50","276.70","259.10","47.30M","-6.31%"
"10/29/2020","280.83","276.55","283.60","273.78","32.37M","4.92%"
"10/28/2020","267.67","278.79","278.79","267.26","23.12M","-5.51%"
"10/27/2020","283.29","278.76","284.51","276.31","16.29M","2.23%"
"10/26/2020","277.11","283.16","285.23","274.26","21.32M","-2.70%"
"10/23/2020","284.79","278.80","285.24","276.82","17.54M","2.40%"
"10/22/2020","278.12","279.87","282.45","275.04","16.72M","-0.22%"
"10/21/2020","278.73","279.56","283.05","276.37","29.00M","4.17%"
"10/20/2020","267.56","263.06","269.70","262.88","18.76M","2.36%"
"10/19/2020","261.40","265.53","268.55","259.88","13.59M","-1.70%"
"10/16/2020","265.93","267.38","271.37","265.30","16.62M","-0.30%"
"10/15/2020","266.72","267.60","269.04","263.67","15.42M","-1.88%"
"10/14/2020","271.82","277.62","278.75","271.50","15.60M","-1.56%"
"10/13/2020","276.14","277.58","279.10","273.39","18.06M","0.14%"
"10/12/2020","275.75","270.20","280.18","267.87","31.02M","4.27%"
"10/09/2020","264.45","264.52","264.75","262.17","14.11M","0.26%"
"10/08/2020","263.76","259.75","264.62","259.15","16.31M","2.19%"
"10/07/2020","258.12","259.21","260.18","254.82","23.13M","-0.21%"
"10/06/2020","258.66","261.78","265.69","258.24","18.70M","-2.26%"
"10/05/2020","264.65","262.20","264.87","260.84","12.82M","1.81%"
"10/02/2020","259.94","261.21","265.15","259.18","16.37M","-2.51%"
"10/01/2020","266.63","265.35","268.33","264.80","20.01M","1.81%"
"09/30/2020","261.90","261.98","266.08","260.10","20.14M","0.04%"
"09/29/2020","261.79","257.81","263.33","256.90","20.22M","1.94%"
"09/28/2020","256.82","259.40","259.60","254.82","18.83M","0.78%"
"09/25/2020","254.82","249.40","255.75","246.61","18.35M","2.12%"
"09/24/2020","249.53","246.50","252.24","245.62","20.01M","0.20%"
"09/23/2020","249.02","255.26","257.99","248.15","19.64M","-2.25%"
"09/22/2020","254.75","253.31","255.32","248.22","30.29M","2.66%"
"09/21/2020","248.15","247.54","249.95","244.13","24.71M","-1.73%"
"09/18/2020","252.53","258.40","259.20","250.05","28.13M","-0.90%"
"09/17/2020","254.82","258.28","261.50","250.19","31.28M","-3.30%"
"09/16/2020","263.52","267.29","272.44","261.79","29.21M","-3.27%"
"09/15/2020","272.42","270.67","274.52","269.30","18.48M","2.36%"
"09/14/2020","266.15","270.95","276.64","265.70","24.09M","-0.17%"
"09/11/2020","266.61","270.06","271.39","262.64","18.91M","-0.55%"
"09/10/2020","268.09","275.51","279.16","267.03","24.81M","-2.06%"
"09/09/2020","273.72","275.77","278.48","271.35","22.92M","0.94%"
"09/08/2020","271.16","271.28","279.30","269.42","24.86M","-4.09%"
"09/04/2020","282.73","287.25","289.00","271.14","30.33M","-2.88%"
"09/03/2020","291.12","295.99","297.60","283.63","32.29M","-3.76%"
"09/02/2020","302.50","298.88","303.60","293.05","24.34M","2.39%"
"09/01/2020","295.44","294.71","301.49","292.71","17.32M","0.76%"
"08/31/2020","293.20","293.95","296.88","291.55","17.35M","-0.16%"
"08/28/2020","293.66","295.00","297.23","290.98","17.17M","0.15%"
"08/27/2020","293.22","300.16","301.23","292.02","30.30M","-3.52%"
"08/26/2020","303.91","284.00","304.67","284.00","69.02M","8.22%"
"08/25/2020","280.82","272.41","283.09","270.26","42.13M","3.47%"
"08/24/2020","271.39","271.07","277.25","268.77","23.69M","1.64%"
"08/21/2020","267.01","268.69","270.49","266.42","15.54M","-0.74%"
"08/20/2020","269.01","261.50","269.63","261.46","20.30M","2.44%"
"08/19/2020","262.59","261.39","267.91","261.35","23.29M","0.10%"
"08/18/2020","262.34","260.95","265.15","259.26","18.69M","0.45%"
"08/17/2020","261.16","262.50","264.10","259.40","13.35M","-0.03%"
"08/14/2020","261.24","262.31","262.65","258.68","14.79M","-0.02%"
"08/13/2020","261.30","261.55","265.16","259.57","17.37M","0.54%"
"08/12/2020","259.89","258.97","263.90","258.11","21.43M","1.47%"
"08/11/2020","256.13","260.19","265.92","255.13","28.24M","-2.61%"
"08/10/2020","263.00","268.04","273.86","259.69","30.25M","-2.03%"
"08/07/2020","268.44","264.08","278.89","263.43","72.77M","1.19%"
"08/06/2020","265.28","249.04","266.60","248.66","45.24M","6.49%"
"08/05/2020","249.12","250.19","252.27","247.77","13.09M","-0.28%"
"08/04/2020","249.83","251.56","252.80","247.43","17.18M","-0.85%"
"08/03/2020","251.96","252.65","255.40","250.33","23.13M","-0.67%"
"07/31/2020","253.67","255.82","255.85","249.00","53.03M","8.17%"
"07/30/2020","234.50","230.22","234.89","229.00","20.62M","0.52%"
"07/29/2020","233.29","231.14","233.70","230.31","13.59M","1.38%"
"07/28/2020","230.12","234.63","234.96","229.83","14.17M","-1.45%"
"07/27/2020","233.50","231.46","234.95","230.83","13.16M","1.21%"
"07/24/2020","230.71","230.19","233.49","226.90","18.33M","-0.81%"
"07/23/2020","232.60","239.63","242.42","231.75","21.77M","-3.03%"
"07/22/2020","239.87","240.26","241.90","238.12","15.43M","-0.78%"
"07/21/2020","241.75","246.22","246.91","240.08","19.41M","-1.50%"
"07/20/2020","245.42","240.06","246.05","235.63","20.87M","1.40%"
"07/17/2020","242.03","241.00","244.16","237.86","18.15M","0.46%"
"07/16/2020","240.93","238.00","241.76","236.33","18.88M","0.27%"
"07/15/2020","240.28","241.55","244.82","238.05","19.13M","0.23%"
"07/14/2020","239.73","236.76","240.33","232.03","23.38M","0.31%"
"07/13/2020","239.00","247.00","250.15","238.42","24.67M","-2.48%"
"07/10/2020","245.07","243.69","245.49","239.32","22.98M","0.23%"
"07/09/2020","244.50","245.00","246.53","239.24","22.17M","0.38%"
"07/08/2020","243.58","238.11","246.99","236.59","29.79M","1.13%"
"07/07/2020","240.86","239.41","247.65","238.82","27.89M","0.24%"
"07/06/2020","240.28","233.76","240.40","232.27","26.21M","2.94%"
"07/02/2020","233.42","239.00","240.00","232.61","30.63M","-1.74%"
"07/01/2020","237.55","228.50","239.00","227.56","43.40M","4.62%"
"06/30/2020","227.07","220.59","227.50","218.47","33.93M","2.91%"
"06/29/2020","220.64","209.75","220.75","207.11","58.51M","2.11%"
"06/26/2020","216.08","232.64","233.09","215.40","76.34M","-8.32%"
"06/25/2020","235.68","234.62","237.30","232.74","18.70M","0.71%"
"06/24/2020","234.02","241.20","243.22","232.68","20.83M","-3.39%"
"06/23/2020","242.24","241.28","245.19","239.86","24.02M","1.26%"
"06/22/2020","239.22","238.56","240.70","236.91","18.92M","0.18%"
"06/19/2020","238.79","237.79","240.83","235.55","30.08M","1.21%"
"06/18/2020","235.94","234.99","236.14","232.15","15.78M","0.17%"
"06/17/2020","235.53","235.00","237.59","231.73","19.58M","-0.05%"
"06/16/2020","235.65","237.14","238.46","233.00","15.24M","1.35%"
"06/15/2020","232.50","225.09","233.77","224.80","15.34M","1.71%"
"06/12/2020","228.58","229.90","231.66","224.50","22.09M","1.85%"
"06/11/2020","224.43","229.94","232.89","223.55","26.71M","-5.20%"
"06/10/2020","236.73","240.96","241.21","235.28","20.72M","-0.81%"
"06/09/2020","238.67","231.52","239.77","230.41","27.46M","3.14%"
"06/08/2020","231.40","229.03","231.55","227.41","15.47M","0.27%"
"06/05/2020","230.77","226.71","231.35","225.31","16.75M","1.98%"
"06/04/2020","226.29","229.56","231.63","224.61","17.04M","-1.68%"
"06/03/2020","230.16","232.11","232.65","228.53","15.38M","-1.10%"
"06/02/2020","232.72","230.94","233.00","226.56","20.92M","0.35%"
"06/01/2020","231.91","224.59","232.44","223.50","18.22M","3.03%"
"05/29/2020","225.09","225.20","227.49","222.88","23.32M","-0.16%"
"05/28/2020","225.46","224.30","231.63","224.00","29.42M","-1.61%"
"05/27/2020","229.14","229.07","230.56","221.13","34.70M","-1.32%"
"05/26/2020","232.20","239.77","240.90","231.67","33.18M","-1.15%"
"05/22/2020","234.91","231.51","235.99","228.74","33.93M","1.52%"
"05/21/2020","231.39","234.72","237.20","231.20","47.78M","0.62%"
"05/20/2020","229.97","223.50","231.34","223.19","50.16M","6.04%"
"05/19/2020","216.88","213.27","220.49","212.83","31.84M","1.73%"
"05/18/2020","213.19","212.15","214.64","210.94","20.17M","1.10%"
"05/15/2020","210.88","205.27","211.34","204.12","19.38M","1.97%"
"05/14/2020","206.81","202.56","206.93","200.69","17.18M","0.83%"
"05/13/2020","205.10","209.43","210.78","202.11","20.68M","-2.38%"
"05/12/2020","210.10","213.29","215.28","210.00","14.70M","-1.44%"
"05/11/2020","213.18","210.89","215.00","210.37","12.91M","0.39%"
"05/08/2020","212.35","212.24","213.21","210.85","12.52M","0.52%"
"05/07/2020","211.26","211.16","211.60","209.04","15.15M","1.34%"
"05/06/2020","208.47","208.12","211.60","206.66","21.86M","0.68%"
"05/05/2020","207.07","207.02","210.38","206.50","21.07M","0.88%"
"05/04/2020","205.26","200.20","205.91","198.76","19.25M","1.48%"
"05/01/2020","202.27","201.60","207.28","199.05","30.42M","-1.19%"
"04/30/2020","204.71","206.92","209.69","201.57","46.23M","5.42%"
"04/29/2020","194.19","190.93","196.91","190.00","45.95M","6.17%"
"04/28/2020","182.91","188.66","189.20","182.56","21.73M","-2.45%"
"04/27/2020","187.50","192.66","193.75","187.41","29.20M","-1.35%"
"04/24/2020","190.07","183.23","190.41","180.82","28.87M","2.67%"
"04/23/2020","185.13","184.08","187.05","183.15","21.43M","1.56%"
"04/22/2020","182.28","178.45","184.78","178.14","33.37M","6.72%"
"04/21/2020","170.80","175.25","175.38","168.34","24.85M","-4.17%"
"04/20/2020","178.24","177.41","180.50","176.77","16.11M","-0.56%"
"04/17/2020","179.24","179.20","180.28","176.66","20.97M","1.70%"
"04/16/2020","176.25","177.95","178.05","172.51","23.59M","-0.41%"
"04/15/2020","176.97","175.19","178.19","172.82","17.42M","-0.67%"
"04/14/2020","178.17","178.98","181.22","176.62","21.01M","1.93%"
"04/13/2020","174.79","173.67","175.00","169.45","19.36M","-0.23%"
"04/09/2020","175.19","175.90","177.08","171.57","23.53M","0.52%"
"04/08/2020","174.28","171.25","175.00","167.74","21.66M","3.23%"
"04/07/2020","168.83","171.79","173.39","166.01","31.41M","1.98%"
"04/06/2020","165.55","160.15","166.20","158.51","28.45M","7.37%"
"04/03/2020","154.18","157.15","157.91","150.83","25.98M","-2.53%"
"04/02/2020","158.19","159.10","161.35","155.92","20.89M","-0.88%"
"04/01/2020","159.60","161.62","164.15","158.03","19.51M","-4.32%"
"03/31/2020","166.80","165.48","170.93","164.20","23.68M","0.51%"
"03/30/2020","165.95","159.18","166.75","158.06","22.52M","5.84%"
"03/27/2020","156.79","158.20","160.09","154.75","24.88M","-4.01%"
"03/26/2020","163.34","158.25","164.00","157.02","26.58M","4.56%"
"03/25/2020","156.21","158.92","162.99","153.06","35.18M","-2.96%"
"03/24/2020","160.98","155.21","161.31","152.57","30.44M","8.70%"
"03/23/2020","148.10","149.66","152.31","142.25","29.83M","-1.09%"
"03/20/2020","149.73","156.02","159.27","148.00","32.57M","-2.22%"
"03/19/2020","153.13","146.62","159.93","144.80","39.86M","4.20%"
"03/18/2020","146.96","139.75","148.18","137.10","37.55M","-1.65%"
"03/17/2020","149.42","150.74","153.94","140.00","34.26M","2.34%"
"03/16/2020","146.01","152.32","159.13","143.10","39.12M","-14.25%"
"03/13/2020","170.28","163.53","170.79","157.60","35.03M","10.23%"
"03/12/2020","154.47","159.54","166.60","154.34","43.27M","-9.26%"
"03/11/2020","170.24","174.01","175.88","167.66","20.40M","-4.46%"
"03/10/2020","178.19","174.67","178.29","169.50","24.52M","5.13%"
"03/09/2020","169.50","169.60","175.00","165.19","29.95M","-6.40%"
"03/06/2020","181.09","178.33","183.78","176.26","24.56M","-2.20%"
"03/05/2020","185.17","186.78","188.99","183.89","19.33M","-3.44%"
"03/04/2020","191.76","189.17","191.83","186.39","23.06M","3.16%"
"03/03/2020","185.89","196.22","197.24","183.97","27.98M","-5.37%"
"03/02/2020","196.44","194.03","196.57","188.85","24.95M","2.06%"
"02/28/2020","192.47","182.69","192.74","181.82","32.58M","1.43%"
"02/27/2020","189.75","191.82","195.88","189.50","21.68M","-3.78%"
"02/26/2020","197.20","197.19","201.21","195.49","16.56M","0.22%"
"02/25/2020","196.77","202.25","203.50","195.95","21.43M","-1.97%"
"02/24/2020","200.72","201.80","203.65","198.17","23.08M","-4.50%"
"02/21/2020","210.18","213.48","214.24","208.83","14.10M","-2.05%"
"02/20/2020","214.58","216.52","218.76","212.94","13.11M","-1.34%"
"02/19/2020","217.49","217.99","218.32","216.11","12.14M","-0.14%"
"02/18/2020","217.80","213.55","217.97","213.40","15.63M","1.69%"
"02/14/2020","214.18","214.00","214.93","212.65","10.74M","0.49%"
"02/13/2020","213.14","209.52","214.33","209.18","15.40M","1.13%"
"02/12/2020","210.76","207.85","211.22","207.40","13.81M","1.72%"
"02/11/2020","207.19","210.19","210.86","206.51","25.03M","-2.76%"
"02/10/2020","213.06","211.52","213.80","210.66","11.86M","0.34%"
"02/07/2020","212.33","210.30","212.82","209.93","12.24M","0.70%"
"02/06/2020","210.85","210.47","211.19","209.34","10.57M","0.35%"
"02/05/2020","210.11","212.51","212.73","208.71","12.54M","0.13%"
"02/04/2020","209.83","206.62","210.60","205.20","19.63M","2.76%"
"02/03/2020","204.19","203.44","205.14","202.50","15.51M","1.13%"
"01/31/2020","201.91","208.43","208.69","201.06","31.36M","-3.64%"
"01/30/2020","209.53","206.53","211.43","204.75","48.78M","-6.14%"
"01/29/2020","223.23","221.44","224.20","218.45","33.61M","2.50%"
"01/28/2020","217.79","216.14","218.74","213.52","13.41M","1.36%"
"01/27/2020","214.87","213.10","216.06","212.50","13.81M","-1.41%"
"01/24/2020","217.94","220.80","221.78","216.11","11.91M","-0.83%"
"01/23/2020","219.76","220.75","221.49","219.27","11.20M","-0.70%"
"01/22/2020","221.32","222.31","222.75","221.28","12.21M","-0.05%"
"01/21/2020","221.44","222.16","222.37","219.12","14.28M","-0.32%"
"01/17/2020","222.14","222.03","222.29","220.53","15.91M","0.17%"
"01/16/2020","221.77","222.57","222.63","220.39","10.02M","0.28%"
"01/15/2020","221.15","220.61","221.68","220.14","10.04M","0.95%"
"01/14/2020","219.06","221.61","222.38","218.63","13.32M","-1.28%"
"01/13/2020","221.91","219.60","221.97","219.21","14.49M","1.77%"
"01/10/2020","218.06","219.20","219.88","217.42","12.13M","-0.11%"
"01/09/2020","218.30","217.54","218.38","216.28","12.68M","1.43%"
"01/08/2020","215.22","213.00","216.24","212.61","13.49M","1.01%"
"01/07/2020","213.06","212.82","214.58","211.75","15.11M","0.22%"
"01/06/2020","212.60","206.70","212.78","206.52","17.07M","1.88%"